code,name,date,session,kind,direction,spike,bar_time,open,high,low,close,bar_vol,bar_vol_vs_reg,liq_pct
067310,Hana Micron Inc,2025-10-13,pre,intrabar,up,0.33544303797468356,08:00,23700.0,31650.0,22550.0,23300.0,306715,0.11001251434271365,0.8952668680765358
352480,C&C International Co Ltd,2026-02-26,pre,intrabar,up,0.32505643340857787,08:00,22150.0,38850.0,22150.0,31650.0,5298,0.28765338256053863,0.4038267875125881
066970,L&F Co Ltd,2026-02-03,pre,intrabar,down,0.31037037037037035,08:00,135000.0,136700.0,86400.0,128300.0,83098,0.1457049325199845,0.9496475327291037
087010,Peptron Inc,2025-06-04,pre,intrabar,up,0.3027295285359802,08:00,161200.0,210000.0,161000.0,161000.0,454023,0.38368281348635924,0.9577039274924471
034120,Seoul Broadcasting System,2026-01-09,pre,intrabar,down,0.2988197424892704,08:00,18640.0,18790.0,13060.0,18630.0,2000,0.1318478475838882,0.27895266868076535
475400,Cmes Robotics Inc,2026-01-27,pre,intrabar,down,0.2983490566037736,08:00,42400.0,46350.0,29750.0,42650.0,152571,0.7765336400698301,0.6686807653575025
081180,SEC Co Ltd,2025-09-12,pre,intrabar,up,0.2975609756097561,08:00,8200.0,11940.0,8200.0,9500.0,21009,0.021317052728986586,0.24269889224572003
241710,Cosmecca Korea Co Ltd,2025-06-18,pre,intrabar,down,0.2962962962962963,08:00,56700.0,57700.0,39900.0,57400.0,5092,0.09079400174741009,0.6304128902316214
486990,Nota Inc,2026-01-15,pre,intrabar,down,0.2939330543933054,08:00,47800.0,49850.0,33750.0,49050.0,318203,1.0311212933288831,0.8690835850956697
304100,Saltlux Inc,2025-07-24,pre,intrabar,down,0.2936708860759494,08:00,39500.0,40050.0,27900.0,39900.0,24275,0.13323271130625686,0.649546827794562
093370,Foosung Co Ltd,2025-10-28,pre,intrabar,down,0.2936259143155695,08:00,9570.0,10000.0,6600.0,9410.0,1233910,0.1626785326064386,0.6455186304128903
338840,Y Biologics Inc,2025-06-17,pre,intrabar,down,0.29209302325581393,08:00,10750.0,11250.0,7560.0,10700.0,12468,0.18561305305782172,0.6636455186304129
440110,Fadu Inc,2025-08-19,pre,intrabar,down,0.2916666666666667,08:00,12480.0,12600.0,8730.0,12370.0,8847,0.1899394563957233,0.47230614300100704
001060,JW Pharmaceutical Corp,2025-08-26,pre,intrabar,down,0.29069767441860467,08:00,21500.0,21900.0,15250.0,21850.0,826,0.08220541401273886,0.4551863041289023
042700,Hanmi Semiconductor Co Ltd,2025-07-14,pre,intrabar,down,0.29011689691817216,08:00,94100.0,96200.0,66800.0,94500.0,71964,0.08903923150398155,0.9939577039274925
005380,Hyundai Motor Co,2025-06-16,pre,intrabar,down,0.2899949212798375,08:00,196900.0,200000.0,139300.0,196400.0,44583,0.21925562364142462,0.9969788519637462
084690,Daesang Holdings Co Ltd,2025-06-11,pre,intrabar,down,0.2894499549143372,08:00,11090.0,11420.0,7880.0,11130.0,27933,0.1527102752644671,0.31419939577039274
484590,Samyang Comtech Co Ltd,2026-04-08,pre,intrabar,down,0.28453267162944584,08:00,12090.0,12340.0,8490.0,11930.0,135096,0.5221202342074243,0.7240684793554885
489790,Hanwha Vision Co Ltd,2025-07-31,pre,intrabar,down,0.2842998585572843,08:00,70700.0,70700.0,47300.0,67400.0,101165,0.0934889063650822,0.932527693856999
329180,HD Hyundai Heavy Industries Co Ltd,2025-09-29,pre,intrabar,down,0.28229166666666666,08:00,480000.0,497500.0,344500.0,486500.0,7997,0.3265547796970068,0.9647532729103726
045660,Atec Co Ltd,2025-06-04,pre,intrabar,down,0.281947261663286,08:00,19720.0,20600.0,14160.0,20100.0,83451,0.17832248524503289,0.17119838872104734
000100,Yuhan Corp,2026-02-11,pre,intrabar,down,0.2818181818181818,08:00,110000.0,120500.0,78100.0,109100.0,49701,0.47478983568972105,0.9214501510574018
091700,Partron Co Ltd,2025-07-28,pre,intrabar,down,0.28173374613003094,08:00,6460.0,6620.0,4640.0,6580.0,1678,0.027484316904984193,0.19838872104733132
026960,Dong Suh Companies Inc,2025-12-29,pre,intrabar,down,0.28125,08:00,28800.0,28900.0,20250.0,28350.0,7492,0.1618771876755542,0.44008056394763345
253450,Studio Dragon Corp,2025-11-14,pre,intrabar,down,0.27939317319848295,08:00,39550.0,41500.0,28500.0,39950.0,2299,0.08746433326992581,0.5317220543806647
006220,Jeju Bank,2025-06-18,pre,intrabar,down,0.27783452502553624,08:00,9790.0,10100.0,7070.0,9980.0,27627,0.28881919397835976,0.7270896273917422
236200,Suprema Inc,2025-09-18,pre,intrabar,down,0.2774390243902439,08:00,32800.0,34050.0,23700.0,34050.0,1817,0.3451747720364742,0.3031218529707956
018260,Samsung SDS Co Ltd,2025-07-16,pre,intrabar,down,0.2772166105499439,08:00,178200.0,184000.0,128800.0,181600.0,8333,0.05761718074771654,0.8489425981873112
100840,SNTEnergy Co Ltd,2025-08-18,pre,intrabar,down,0.27657378740970073,08:00,48450.0,50200.0,34950.0,48350.0,19668,0.34541622760800844,0.7613293051359517
178920,PI Advanced Materials Co Ltd,2025-11-21,pre,intrabar,down,0.27617328519855594,08:00,16620.0,17110.0,12030.0,16690.0,12325,0.21893985149394252,0.486404833836858
011210,Hyundai Wia Corp,2025-07-23,pre,intrabar,down,0.276,08:00,50000.0,51100.0,36200.0,50700.0,4488,0.07830274268965036,0.7381671701913394
082740,Hanwha Engine Co Ltd,2025-08-06,pre,intrabar,down,0.275,08:00,38000.0,38350.0,27100.0,37550.0,237390,0.42770198689814715,0.9375629405840886
377300,KakaoPay Corp,2025-11-14,pre,intrabar,down,0.2746212121212121,08:00,52800.0,53300.0,37800.0,52300.0,60036,0.3760923630121969,0.9234642497482377
377450,Refine Co Ltd,2025-08-01,pre,intrabar,down,0.2724568709101725,08:00,16810.0,17500.0,12230.0,17200.0,1810,0.03154794066895578,0.25176233635448136
083420,Green Chemical Co Ltd,2025-06-23,pre,intrabar,down,0.2710843373493976,08:00,8300.0,8520.0,5980.0,8230.0,42906,0.4136155937301174,0.23363544813695872
084110,Huons Global Co Ltd,2025-11-05,pre,intrabar,up,0.2686804451510334,08:00,62900.0,80700.0,60200.0,63800.0,51749,0.5506735905676038,0.5206445115810675
064400,LG CNS Co Ltd,2025-08-20,pre,intrabar,down,0.268188302425107,08:00,70100.0,70400.0,49700.0,68500.0,116388,0.37436433522571927,0.9516616314199395
175330,JB Financial Group Co Ltd,2025-07-07,pre,intrabar,down,0.26634382566585957,08:00,20650.0,21850.0,15150.0,21600.0,4107,0.0836711826423551,0.47129909365558914
389020,Zaram Technology Inc,2025-07-02,pre,intrabar,down,0.26625,08:00,40000.0,40950.0,29300.0,39950.0,5083,0.3540679855112845,0.4420946626384693
005930,Samsung Electronics Co Ltd,2026-02-06,pre,intrabar,down,0.2657894736842105,08:00,152000.0,158000.0,111600.0,154400.0,3760545,0.40436698211322525,1.0
119850,GnCenergy Co Ltd,2025-06-11,pre,intrabar,up,0.2642857142857143,08:00,28000.0,36250.0,28000.0,28850.0,59407,0.3609831682566689,0.7854984894259819
002380,KCC Corp,2026-04-16,pre,intrabar,down,0.263915547024952,08:00,521000.0,609000.0,383500.0,552000.0,1479,0.23210922787193974,0.701913393756294
009450,Kyung Dong Navien Co Ltd,2026-02-13,pre,intrabar,down,0.26259541984732826,08:00,65500.0,69800.0,48300.0,67900.0,10173,0.2692338229456133,0.5699899295065458
448280,EcoEye Co Ltd,2025-07-04,pre,intrabar,down,0.26168876482903003,08:00,14330.0,14800.0,10580.0,14330.0,3534,0.038340113913751014,0.2930513595166163
005610,Samlip Co Ltd,2026-03-16,pre,intrabar,up,0.25849056603773585,08:00,53000.0,67000.0,52200.0,53300.0,8021,1.6158340048348105,0.1027190332326284
058970,Emro Incorporated,2026-05-13,pre,intrabar,down,0.2581818181818182,08:00,27500.0,28300.0,20250.0,27350.0,41252,0.4363813311894385,0.48841893252769386
377450,Refine Co Ltd,2025-08-07,pre,intrabar,down,0.2578125,08:00,16640.0,17470.0,12350.0,17260.0,1579,0.07549605546258666,0.25176233635448136
030610,Kyobo Securities Co Ltd,2026-03-30,pre,intrabar,down,0.2577235772357724,08:00,12300.0,12490.0,9130.0,12320.0,12532,0.22875292056074767,0.45417925478348437
163280,Airrane Co Ltd,2025-08-27,pre,intrabar,down,0.25699745547073793,08:00,7860.0,8490.0,5840.0,8315.0,6682,0.22487716228040655,0.3081570996978852
033240,Jahwa Electronics Co Ltd,2026-01-30,pre,intrabar,down,0.25601374570446733,08:00,29100.0,29200.0,20350.0,27800.0,112073,0.1956930179606005,0.6002014098690835
453450,Gridwiz Co Ltd,2025-07-25,pre,intrabar,up,0.2528473804100228,08:00,21950.0,28500.0,21950.0,22950.0,83270,0.722811037906999,0.23967774420946628
256840,BNC Korea Inc,2025-06-02,pre,intrabar,down,0.25206611570247933,08:00,7260.0,7260.0,3920.0,5750.0,4849819,0.5102513855157267,0.5105740181268882
139480,E-Mart Inc,2025-08-04,pre,intrabar,down,0.24969249692496925,08:00,81300.0,87000.0,61000.0,86700.0,1167,0.09389331402365436,0.7653575025176234
017960,Hankuk Carbon Co Ltd,2025-07-28,pre,intrabar,up,0.24865831842576028,08:00,27950.0,35450.0,27600.0,28500.0,65187,0.3421764029668201,0.8529707955689829
494120,Curiosis Inc,2026-02-13,pre,intrabar,down,0.2460881934566145,08:00,70300.0,74400.0,53000.0,72600.0,83115,0.16807105028481992,0.7542799597180262
241520,DSC Investment Inc,2025-08-14,pre,intrabar,down,0.2459016393442623,08:00,6100.0,6990.0,4600.0,6290.0,11631,0.26039357915239436,0.5236656596173213
381970,K Car Co Ltd,2026-04-01,pre,intrabar,up,0.24411134903640258,08:30,14010.0,17700.0,14010.0,14280.0,1140596,0.9879635372094393,0.2890231621349446
124500,ITCenGlobal Co Ltd,2026-01-13,pre,intrabar,up,0.24254742547425473,08:00,36900.0,46650.0,36500.0,37700.0,130621,0.5386810621775547,0.8569989929506546
166090,Hana Materials Inc,2026-01-22,pre,intrabar,up,0.24202626641651032,08:00,53300.0,66600.0,52800.0,53700.0,57008,0.43298420968685203,0.75730110775428
001430,SeAH Besteel Holdings Corp,2025-08-18,pre,intrabar,up,0.24179620034542315,08:00,28950.0,36300.0,28950.0,29300.0,26636,0.5546047015220605,0.702920443101712
016800,Fursys Inc,2026-01-13,after,intrabar,up,0.23755656108597284,16:00,44200.0,55700.0,44100.0,45200.0,106,1.5142857142857142,0.0010070493454179255
003540,Daishin Securities Co Ltd,2026-02-10,pre,intrabar,up,0.23630672926447574,08:00,31950.0,39500.0,31300.0,31550.0,28967,0.09396937650035685,0.6646525679758308
010780,IS Dongseo Co Ltd,2026-03-19,pre,intrabar,down,0.23613312202852615,08:00,31550.0,32550.0,24000.0,31450.0,4287,0.14832883537471456,0.31822759315206445
462350,Innospace Co Ltd,2025-08-26,pre,intrabar,up,0.23579766530428245,08:00,7238.353021,8945.139764,7215.821183,7227.087102,20191,0.24248496993848395,0.29506545820745217
041510,SM Entertainment Co Ltd,2025-11-21,pre,intrabar,down,0.23577235772357724,08:00,98400.0,103900.0,75200.0,102900.0,5146,0.3850355405910961,0.7754279959718026
419530,SAMG Entertainment Co Ltd,2026-05-15,after,intrabar,up,0.23559322033898306,15:30,29500.0,38900.0,29500.0,31950.0,195874,1.5471268907231153,0.6777442094662638
004690,Samchully Co Ltd,2026-03-25,pre,intrabar,up,0.23547979797979798,08:00,158400.0,195700.0,150400.0,153800.0,4059,0.6031203566121842,0.4028197381671702
031430,Shinsegae International Inc,2026-05-14,pre,intrabar,up,0.23499142367066894,08:00,17490.0,21600.0,17200.0,17240.0,672087,3.1991346318615412,0.28600201409869086
065660,Anterogen Co Ltd,2026-02-09,pre,intrabar,up,0.23450134770889489,08:00,37100.0,49100.0,37100.0,40400.0,2006,0.1894776612827052,0.42396777442094663
094170,Dongwoon Anatech Co Ltd,2025-07-22,pre,intrabar,down,0.2325301204819277,08:00,16600.0,19180.0,12740.0,18440.0,8339,0.09497613922392684,0.6394763343403826
035600,KGInicis Co Ltd,2025-06-24,pre,intrabar,up,0.23102585487906588,08:00,11990.0,14760.0,11500.0,11740.0,110310,0.19932420223338512,0.38469284994964753
082920,VitzroCell Co Ltd,2026-05-13,pre,intrabar,down,0.23063063063063063,08:00,55500.0,61400.0,42700.0,59700.0,37087,0.1344652678827168,0.5720040281973817
036570,NC Corp,2025-06-16,pre,intrabar,down,0.22990654205607478,08:00,160500.0,175900.0,123600.0,173000.0,3317,0.11417065363301553,0.8721047331319235
004980,Sungshin Cement Co Ltd,2026-05-21,pre,intrabar,up,0.22742110990206746,08:00,9190.0,11580.0,9120.0,9490.0,332776,2.810513158339245,0.33031218529707956
094170,Dongwoon Anatech Co Ltd,2025-08-08,pre,intrabar,down,0.22732919254658385,08:00,16100.0,18000.0,12440.0,17790.0,1361,0.052313960639606395,0.6394763343403826
015760,Korea Electric Power Corp,2025-07-14,pre,intrabar,down,0.22554347826086957,08:00,36800.0,37150.0,28150.0,36450.0,249224,0.22406185381641644,0.9808660624370594
100840,SNTEnergy Co Ltd,2026-05-06,pre,intrabar,up,0.22425249169435216,08:00,60200.0,76100.0,59700.0,62600.0,291600,0.507494948545651,0.7613293051359517
003570,SNT Dynamics Co Ltd,2026-03-13,pre,intrabar,down,0.22330097087378642,08:00,51500.0,54900.0,40000.0,53000.0,4303,0.22674816883595933,0.5709969788519638
237880,Clio Cosmetics Co Ltd,2025-11-27,pre,intrabar,down,0.22178988326848248,08:00,12850.0,13230.0,10000.0,13140.0,1187,0.07965908328300114,0.2618328298086606
064760,Tokai Carbon Korea Co Ltd,2026-03-13,pre,intrabar,down,0.2208955223880597,08:00,201000.0,221000.0,156600.0,216500.0,2440,0.08627700576358686,0.6565961732124874
050890,Solid Inc,2025-09-08,pre,intrabar,up,0.21481481481481482,08:00,6750.0,8200.0,6550.0,6700.0,122775,0.6258570328947703,0.6424974823766365
304100,Saltlux Inc,2025-06-05,pre,intrabar,down,0.2128623188405797,08:00,55200.0,55200.0,29750.0,41500.0,492592,0.11325136002700052,0.649546827794562
117730,T-Robotics Co Ltd,2026-05-26,pre,intrabar,down,0.21235294117647058,08:00,17000.0,21100.0,13390.0,19690.0,98711,0.7397185336170978,0.6988922457200403
417200,LS Materials Ltd,2025-12-22,pre,intrabar,up,0.21212121212121213,08:00,13200.0,16000.0,12460.0,12950.0,298850,0.22979322838532676,0.6696878147029205
036530,SNT Holdings Co Ltd,2025-07-02,pre,intrabar,up,0.2112,08:00,62500.0,77800.0,62400.0,64600.0,52896,1.5063648013669373,0.31017119838872104
128940,Hanmi Pharm Co Ltd,2025-09-29,after,intrabar,up,0.21045576407506703,17:30,373000.0,489000.0,373000.0,410500.0,140345,4.316581059883739,0.9244712990936556
005500,Samjin Pharmaceutical Co Ltd,2026-03-16,pre,intrabar,up,0.20899470899470898,08:00,18900.0,22850.0,18360.0,18600.0,4768,0.8090955370778891,0.13997985901309165
030610,Kyobo Securities Co Ltd,2026-04-09,pre,intrabar,up,0.20866141732283464,08:00,12700.0,16000.0,12560.0,13350.0,550703,4.337986120410559,0.45417925478348437
042700,Hanmi Semiconductor Co Ltd,2026-05-19,pre,intrabar,down,0.2079207920792079,08:00,303000.0,319500.0,240000.0,304500.0,199511,0.22879491931266685,0.9939577039274925
299030,Hana Technology Co Ltd,2026-02-10,pre,intrabar,up,0.20625,08:00,32000.0,38800.0,31200.0,32200.0,30623,0.8168747332479727,0.418932527693857
267850,Asiana IDT Inc,2025-07-11,pre,intrabar,up,0.20440251572327045,08:00,12720.0,15320.0,12470.0,12550.0,36937,3.3294573643410854,0.004028197381671702
127120,JS Link Inc,2026-01-26,pre,intrabar,up,0.20394736842105263,08:00,22800.0,27650.0,22400.0,23000.0,42163,0.12577184891747256,0.7522658610271903
032500,KMW Co Ltd,2025-06-02,pre,intrabar,up,0.20161943319838058,08:00,12350.0,14840.0,10840.0,10920.0,534741,1.0115830334948868,0.6062437059415912
271940,Iljin HySolus Co Ltd,2025-09-25,pre,intrabar,down,0.2011173184357542,08:00,17900.0,18070.0,14300.0,17910.0,1491,0.08100619363251113,0.30614300100704933
056190,SFA Engineering Corp,2026-03-05,pre,intrabar,up,0.2,08:00,30000.0,36000.0,29600.0,29900.0,11832,0.213770799833782,0.38872104733131924
181710,NHN Corp,2025-06-09,pre,intrabar,up,0.19747899159663865,08:00,23800.0,28500.0,22050.0,22500.0,8711,0.08963594081208454,0.4300100704934542
007690,Kukdo Chemical Co Ltd,2026-03-24,pre,intrabar,down,0.19596541786743515,08:00,34700.0,36850.0,27900.0,36550.0,168,0.0852359208523592,0.20342396777442096
006110,Sama Aluminium Co Ltd,2026-04-13,pre,intrabar,up,0.19499105545617174,08:00,55900.0,71700.0,55900.0,60800.0,842338,0.7925776005073473,0.5961732124874118
002380,KCC Corp,2026-02-19,pre,intrabar,up,0.19444444444444445,08:00,612000.0,731000.0,574000.0,589000.0,1989,0.22604841459256733,0.701913393756294
021240,Coway Co Ltd,2025-06-30,pre,intrabar,down,0.19238900634249473,08:00,94600.0,97000.0,76400.0,96500.0,349,0.09314117961035495,0.5125881168177241
001680,Daesang Corp,2025-09-01,pre,intrabar,down,0.19212962962962962,08:00,21600.0,22600.0,17450.0,22350.0,3520,0.12949269764190854,0.4169184290030212
005930,Samsung Electronics Co Ltd,2026-05-26,pre,intrabar,down,0.1919191919191919,08:00,297000.0,302500.0,240000.0,297000.0,4185841,0.41616919501210325,1.0
290650,L&C Bio Co Ltd,2026-04-08,pre,intrabar,up,0.19090909090909092,08:00,66000.0,80700.0,63200.0,68100.0,40109,0.520254231791945,0.8902316213494461
006650,Korea Petro Chemical Ind Co Ltd,2026-03-03,pre,intrabar,up,0.1896280775275013,08:00,190900.0,236000.0,184000.0,199800.0,46349,0.7791319257665411,0.5458207452165156
016610,DB Securities Co,2026-05-07,pre,intrabar,up,0.18949909474954738,08:00,16570.0,20000.0,16060.0,16860.0,648277,3.393125575747425,0.3413897280966767
102710,ENF Technology Co Ltd,2026-04-08,pre,intrabar,up,0.1875,08:00,48000.0,57000.0,47050.0,48000.0,12084,0.3619047619047619,0.6596173212487412
007310,Otoki Corp,2025-12-02,pre,intrabar,down,0.18701298701298702,08:00,385000.0,391500.0,313000.0,387000.0,316,0.47806354009077157,0.4209466263846928
253450,Studio Dragon Corp,2025-11-05,pre,intrabar,down,0.18685121107266436,08:00,43350.0,44100.0,34900.0,43000.0,6135,0.13811346240432237,0.5317220543806647
200130,KolmarBNH Co Ltd,2025-09-18,pre,intrabar,down,0.18652526512788523,08:00,16030.0,16650.0,13040.0,16520.0,26392,0.1740277209964788,0.22457200402819738
000810,Samsung Fire & Marine Insurance Co Ltd,2025-09-01,pre,intrabar,down,0.18636363636363637,08:00,440000.0,448000.0,358000.0,442000.0,919,0.20876874148114494,0.7190332326283988
096770,SK Innovation Co Ltd,2026-03-03,pre,intrabar,up,0.18571428571428572,08:00,140000.0,166000.0,130000.0,130000.0,6995,0.005135882454004667,0.9093655589123867
084850,ITM Semiconductor Co Ltd,2025-10-27,pre,intrabar,up,0.1854251012145749,08:00,12350.0,14770.0,12350.0,12480.0,28275,1.4196415122759451,0.12890231621349446
007810,Korea Circuit Co Ltd,2025-09-11,pre,intrabar,up,0.18429189857761286,08:00,16170.0,19660.0,16170.0,16680.0,303615,0.7659482682502883,0.8358509566968781
084850,ITM Semiconductor Co Ltd,2025-07-01,after,intrabar,up,0.18360655737704917,17:30,12200.0,14840.0,12200.0,12600.0,67043,12.174142001089523,0.12890231621349446
420770,GigaVis Co Ltd,2025-10-21,pre,intrabar,up,0.18181818181818182,08:00,35200.0,42500.0,35200.0,36100.0,14151,0.4853213526304959,0.47633434038267874
468530,Proteina Co Ltd,2026-04-03,pre,intrabar,up,0.18128654970760233,08:00,68400.0,80800.0,65000.0,66900.0,13666,0.22392633010535976,0.8267875125881168
003120,Ilsung IS Co Ltd,2026-02-06,pre,intrabar,down,0.17934272300469484,08:00,21300.0,23500.0,17480.0,22800.0,748,0.14142560030251466,0.027190332326283987
194370,JS Corp,2026-04-28,pre,intrabar,down,0.17869415807560138,08:00,14550.0,15680.0,11950.0,15490.0,7429,0.10661442861038159,0.3856998992950655
105630,Hansae Co Ltd,2026-01-19,after,intrabar,up,0.17847222222222223,16:30,14400.0,17000.0,14400.0,14430.0,31308,1.306241655540721,0.2598187311178248
004370,Nongshim Co Ltd,2025-07-15,pre,intrabar,up,0.1759809750297265,08:00,420500.0,500000.0,420000.0,426000.0,4891,0.36971804369188904,0.7744209466263847
007390,NatureCell Co Ltd,2026-03-13,after,vshape,down,0.17551846231664137,18:30,19770.0,19770.0,13000.0,14780.0,1695555,3.5599438993715973,0.8338368580060423
047040,Daewoo Engineering & Construction Co Ltd,2025-06-20,pre,intrabar,down,0.17445838084378562,08:00,4385.0,4535.0,3620.0,4405.0,77446,0.08739347488535008,0.6183282980866063
307950,Hyundai Autoever Corp,2026-03-19,pre,intrabar,down,0.1738095238095238,08:00,420000.0,429000.0,347000.0,425000.0,20962,0.3140703894041323,0.9174219536757301
053610,Protec Co Ltd,2026-02-19,pre,intrabar,up,0.17281879194630873,08:00,59600.0,70400.0,58200.0,60100.0,60798,0.722787579057492,0.3806646525679758
407400,Ggumbi Inc,2025-07-29,pre,intrabar,down,0.17207334273624825,08:00,7090.0,7210.0,5830.0,7050.0,6734,0.07965177483647375,0.1782477341389728
030960,Yangjisa Co Ltd,2025-12-26,pre,intrabar,down,0.17177914110429449,08:00,8150.0,8210.0,6750.0,8190.0,14052,0.445571867964613,0.2527693856998993
287840,IntoCell Inc,2025-08-08,after,intrabar,down,0.1716,18:00,25000.0,25000.0,18110.0,22400.0,75641,1.100536875645633,0.7643504531722054
226330,SyntekaBio Inc,2025-11-06,pre,intrabar,down,0.1714285714285714,08:00,4100.2073,4200.62054,3359.659655,4062.552335,1291510,1.337477942821844,0.22255790533736153
014830,Unid Co Ltd,2026-02-05,pre,intrabar,down,0.17131474103585656,08:00,75300.0,82700.0,62400.0,81700.0,831,0.07436907105781278,0.4561933534743202
082270,GemVax & KAEL Co Ltd,2025-10-24,pre,intrabar,up,0.17105263157894737,08:00,38000.0,45250.0,35850.0,38750.0,667475,0.5422675839388543,0.8348439073514602
300080,Flitto Inc,2025-07-02,after,vshape,up,0.17036124794745483,17:00,12180.0,15350.0,12150.0,15180.0,352252,14.09064362574503,0.5438066465256798
107640,HanJungNCS Co Ltd,2026-05-29,pre,intrabar,up,0.17035775127768313,08:00,58700.0,68700.0,56300.0,57000.0,65489,0.498193270598617,0.7734138972809668
001530,DI Dong Il Corp,2025-06-02,pre,intrabar,down,0.17031249999999995,08:00,30476.192,31428.573,25285.71555,31142.8587,376,0.029339653539753,0.35347432024169184
112610,CS Wind Corp,2025-06-27,pre,intrabar,up,0.16910229645093947,08:00,47900.0,57800.0,47500.0,49700.0,204236,0.9031476355145973,0.8288016112789527
005710,Daewonsanup,2026-02-26,pre,intrabar,up,0.16907097518753605,08:30,17330.0,21750.0,17330.0,18820.0,150865,1.8858125,0.14300100704934543
101970,Wooyang HC Co Ltd,2025-07-10,pre,intrabar,down,0.16833484986351227,08:00,10990.0,11660.0,9140.0,11570.0,1151,0.1823510773130545,0.18126888217522658
347850,DND PharmaTech Inc,2026-05-28,pre,intrabar,up,0.16833484986351227,08:00,109900.0,128400.0,100800.0,102900.0,3340056,0.741564127903014,0.945619335347432
281820,KCTech Co Ltd,2025-06-10,pre,intrabar,up,0.16730038022813687,08:00,26300.0,31100.0,26300.0,26700.0,6969,0.21046750422807442,0.6555891238670695
126720,Soosan Industries Co Ltd,2026-03-23,pre,intrabar,up,0.1672077922077922,08:00,30800.0,36850.0,30750.0,31700.0,219893,1.8811638093282688,0.43202416918429004
053580,WebCash Corp,2025-09-15,pre,intrabar,down,0.16408450704225352,08:00,14200.0,14470.0,11870.0,14470.0,4249,0.15297929792979298,0.18932527693857
321820,Artist Company Inc,2025-06-23,pre,intrabar,up,0.16369278510473234,08:00,12890.0,15000.0,12460.0,12520.0,31513,0.2929507023268353,0.03423967774420947
456040,OCI Co Ltd,2026-04-02,pre,intrabar,down,0.16326530612244897,08:00,93100.0,95400.0,77900.0,93700.0,2714,0.08636710794297352,0.5971802618328298
084850,ITM Semiconductor Co Ltd,2025-07-28,pre,intrabar,up,0.16257668711656442,08:30,13040.0,15580.0,13040.0,13460.0,35537,1.4457101012977502,0.12890231621349446
079940,Gabia Inc,2026-05-26,pre,intrabar,up,0.16246056782334384,08:30,31700.0,38000.0,31700.0,32850.0,52404,3.606358819076457,0.21953675730110775
007390,NatureCell Co Ltd,2025-10-20,pre,intrabar,up,0.16244725738396623,08:00,23700.0,30000.0,23700.0,26150.0,850417,0.33780124543844364,0.8338368580060423
001430,SeAH Besteel Holdings Corp,2025-12-15,pre,intrabar,up,0.16201117318435754,08:00,44750.0,56600.0,44750.0,49350.0,620678,0.47151763866657653,0.702920443101712
069080,Webzen Inc,2025-09-19,pre,intrabar,up,0.1610738255033557,08:00,14900.0,17300.0,14700.0,14890.0,4405,0.40919647004180215,0.11782477341389729
051500,CJ Freshway Corp,2026-03-11,pre,intrabar,up,0.15965166908563136,08:00,34450.0,39950.0,32450.0,33250.0,12414,0.5253269011044814,0.20745216515609266
304360,S Biomedics Co Ltd,2026-03-11,pre,intrabar,up,0.15942028985507245,08:00,37950.0,44000.0,36600.0,37550.0,13411,0.1151346571543857,0.5891238670694864
452430,Sapien Semiconductors Inc,2026-04-23,pre,intrabar,up,0.15930388219544847,08:00,37350.0,47000.0,37000.0,41050.0,225815,0.3208693304535637,0.5327291037260826
075580,Sejin Heavy Industries Co Ltd,2025-08-14,pre,intrabar,down,0.15895061728395063,08:00,12960.0,13650.0,10900.0,13360.0,34241,0.09578973871202372,0.7764350453172205
001720,Shinyoung Securities Co Ltd,2026-01-15,pre,intrabar,up,0.15862068965517243,08:00,145000.0,168000.0,144000.0,144700.0,9181,0.31591081136879773,0.6404833836858006
033240,Jahwa Electronics Co Ltd,2026-04-28,pre,intrabar,up,0.15849056603773584,08:00,53000.0,61400.0,50700.0,51100.0,76662,0.5307128368789417,0.6002014098690835
225570,Nexon Games Co Ltd,2026-05-11,after,intrabar,up,0.15813117699910154,16:00,11130.0,12890.0,10990.0,11060.0,273545,2.4231753877771576,0.48539778449144005
009970,Youngone Holdings Co Ltd,2026-05-12,after,vshape,up,0.1580246913580247,16:30,202500.0,240000.0,202500.0,240000.0,1334,0.36093073593073594,0.17522658610271905
001060,JW Pharmaceutical Corp,2026-04-10,pre,intrabar,up,0.15773809523809523,08:00,33600.0,38900.0,31350.0,32600.0,188069,1.850890660368074,0.4551863041289023
079900,Junjin Construction & Robot Co Ltd,2025-10-17,pre,intrabar,up,0.15667311411992263,08:00,51700.0,61100.0,50400.0,53000.0,526143,1.3537010831811047,0.7089627391742196
127120,JS Link Inc,2026-01-07,pre,intrabar,up,0.1556350626118068,08:00,16770.0,19880.0,16770.0,17270.0,11999,0.09240946967946645,0.7522658610271903
138610,Nibec Co Ltd,2025-09-03,pre,intrabar,down,0.15546218487394958,08:00,23800.0,24000.0,20000.0,23700.0,5337,0.23676855507741448,0.6173212487411883
004000,Lotte Fine Chemical Co Ltd,2026-01-07,pre,intrabar,up,0.15531914893617021,08:00,47000.0,54300.0,42950.0,43500.0,3096,0.28071448000725363,0.3867069486404834
051360,Tovis Co Ltd,2025-06-26,pre,intrabar,up,0.1552542372881356,08:00,14750.0,17220.0,14750.0,14930.0,1669,0.08131546894031669,0.2799597180261833
064760,Tokai Carbon Korea Co Ltd,2026-02-03,pre,intrabar,up,0.15450643776824036,08:00,233000.0,269000.0,211000.0,216500.0,5822,0.3809461493162337,0.6565961732124874
015750,Sungwoo Hitech Co Ltd,2025-10-16,pre,intrabar,up,0.15432098765432098,08:00,6480.0,7480.0,5840.0,6260.0,1107217,0.3999224873120832,0.6928499496475328
118990,Motrex Co Ltd,2025-12-26,pre,intrabar,up,0.1539301310043668,08:00,9160.0,11580.0,9160.0,10170.0,1370694,1.0456320811426862,0.1691842900302115
263750,Pearl Abyss Corp,2026-03-19,pre,intrabar,up,0.1532608695652174,08:00,46000.0,57000.0,46000.0,49950.0,1751306,0.42441694065574653,0.7280966767371602
101930,Inhwa Precision Co Ltd,2026-05-06,pre,intrabar,up,0.1525759577278732,08:00,15140.0,19600.0,15140.0,17290.0,1073692,3.435858378987251,0.18026183282980865
204320,HL Mando Corp,2026-03-10,pre,intrabar,up,0.15168539325842698,08:00,53400.0,61600.0,46650.0,53500.0,69788,0.4985533751009065,0.8298086606243706
351870,Chai Communication Co Ltd,2025-12-30,pre,intrabar,up,0.15148413510747186,08:30,4885.0,5920.0,4880.0,5180.0,111030,2.415060686474964,0.005035246727089627
376300,Dear U Co Ltd,2026-03-10,pre,intrabar,up,0.15135135135135136,08:00,37000.0,44000.0,36200.0,38400.0,14323,0.24395353590407412,0.6656596173212488
372170,Yunsung F&C Co Ltd,2026-05-13,after,intrabar,up,0.14991762767710048,16:30,30350.0,38100.0,30350.0,33550.0,112507,11.205876494023904,0.29103726082578046
217270,Neptune Co,2025-07-09,after,vshape,up,0.14935064935064934,16:30,9240.0,10790.0,9240.0,10780.0,183769,1.9020949344815452,0.11178247734138973
025950,Dongshin Engineering & Construction,2025-09-11,pre,intrabar,down,0.14917127071823205,08:00,16290.0,18710.0,13860.0,18410.0,5609,0.15746771476698485,0.1540785498489426
001720,Shinyoung Securities Co Ltd,2026-03-13,pre,intrabar,down,0.14841849148418493,08:00,205500.0,215000.0,175000.0,206000.0,8311,0.6200850555845706,0.6404833836858006
000670,Youngpoong Corp,2026-02-09,pre,intrabar,up,0.1482758620689655,08:00,58000.0,67500.0,58000.0,58900.0,13926,0.9429209831403615,0.3121852970795569
009970,Youngone Holdings Co Ltd,2026-01-21,pre,intrabar,up,0.14800655379574004,08:00,183100.0,216500.0,183000.0,189400.0,468,0.19443290402991276,0.17522658610271905
085620,Mirae Asset Life Insurance Co Ltd,2026-03-06,pre,intrabar,down,0.1473922902494331,08:00,17640.0,17640.0,14320.0,16920.0,5047013,2.8009162474367546,0.622356495468278
014620,Sung Kwang Bend Co Ltd,2025-10-15,pre,intrabar,up,0.14580031695721077,08:00,31550.0,36500.0,31150.0,31900.0,15820,0.23374704491725767,0.7401812688821753
093370,Foosung Co Ltd,2025-09-30,pre,intrabar,down,0.1457975986277873,08:00,5830.0,6430.0,4980.0,6010.0,41037,0.247152777359536,0.6455186304128903
448280,EcoEye Co Ltd,2025-10-10,pre,intrabar,up,0.14553314121037464,08:00,13880.0,15900.0,12360.0,13080.0,3879,0.15965591043793217,0.2930513595166163
047050,Posco International Corp,2025-08-04,pre,intrabar,down,0.14498933901918976,08:00,46900.0,47500.0,40100.0,47150.0,19469,0.17295016434218707,0.9144008056394763
029530,Sindoh Co Ltd,2026-04-15,pre,intrabar,up,0.14478764478764478,08:00,51800.0,59500.0,51000.0,52000.0,5933,1.6148611867174743,0.05639476334340383
018880,Hanon Systems,2025-10-24,pre,intrabar,up,0.14468629961587712,08:00,3433.193995,3982.68087,3433.193995,3485.944735,364873,0.5275310601166369,0.5468277945619335
272210,Hanwha Systems Co Ltd,2025-07-09,pre,intrabar,up,0.14442413162705667,08:00,54700.0,65000.0,53500.0,57100.0,1345479,1.1150384613472162,0.9859013091641491
030200,KT Corp,2025-10-13,pre,intrabar,up,0.14341846758349705,08:00,50900.0,58200.0,49300.0,49850.0,11444,0.14545177239161658,0.7462235649546828
226330,SyntekaBio Inc,2025-09-02,pre,intrabar,up,0.14132379248658336,08:00,4677.58343,5338.63726,4510.22803,4602.2735,8359,0.23108688468517707,0.22255790533736153
046890,Seoul Semiconductor Co Ltd,2026-05-12,pre,intrabar,up,0.14126611957796015,08:00,17060.0,20200.0,17060.0,17790.0,1978660,1.0284058218083405,0.30513595166163143
236200,Suprema Inc,2026-04-07,after,intrabar,up,0.1412556053811659,18:00,44600.0,53400.0,44600.0,47100.0,17624,3.3633587786259542,0.3031218529707956
101930,Inhwa Precision Co Ltd,2026-05-15,pre,intrabar,up,0.1410459587955626,08:00,12620.0,14400.0,12560.0,12580.0,246106,4.845560149635755,0.18026183282980865
003960,Sajodaerim Corp,2025-10-15,pre,intrabar,up,0.14039408866995073,08:00,40600.0,46800.0,40450.0,41100.0,104230,1.1933548579148634,0.14904330312185296
101930,Inhwa Precision Co Ltd,2026-05-12,pre,intrabar,up,0.1403903903903904,08:00,13320.0,15970.0,13310.0,14100.0,251097,3.01777516044516,0.18026183282980865
452430,Sapien Semiconductors Inc,2026-04-24,pre,intrabar,up,0.1402439024390244,08:00,49200.0,57200.0,48600.0,50300.0,1107426,3.80083332189289,0.5327291037260826
029530,Sindoh Co Ltd,2026-02-05,pre,intrabar,up,0.13990461049284578,08:00,62900.0,80200.0,62900.0,71400.0,69636,0.9432321508391239,0.05639476334340383
199430,KNRSystems Inc,2026-01-20,after,intrabar,down,0.13971742543171115,18:30,31850.0,32250.0,27400.0,31900.0,107142,0.15317619508512886,0.6737160120845922
034120,Seoul Broadcasting System,2026-03-19,after,intrabar,up,0.13954869358669833,17:00,16840.0,19400.0,16780.0,17050.0,39432,6.950819672131147,0.27895266868076535
388210,CMTX Co Ltd,2026-01-20,after,intrabar,down,0.1393596986817326,18:30,106200.0,106700.0,91200.0,106000.0,27783,0.1612132043612225,0.879154078549849
095340,ISC Co Ltd,2025-06-23,pre,intrabar,down,0.1378640776699029,08:00,51500.0,52900.0,44400.0,51900.0,5929,0.11215359878936915,0.8459214501510574
437730,Samhyun Co Ltd,2026-03-05,pre,intrabar,up,0.13665943600867678,08:00,46100.0,54500.0,46100.0,48200.0,97669,0.3856806640393622,0.8680765357502518
032500,KMW Co Ltd,2025-12-19,pre,intrabar,up,0.13657142857142857,08:00,17500.0,19890.0,15560.0,15580.0,17535,0.24340306214516733,0.6062437059415912
023590,Daou Technology Inc,2026-02-24,after,intrabar,up,0.13644214162348878,16:30,57900.0,74500.0,57800.0,66600.0,141362,1.774611464008637,0.5156092648539778
004990,Lotte Corp,2025-06-27,pre,intrabar,up,0.1357142857142857,08:00,28000.0,32000.0,27750.0,28200.0,41247,0.24905202395903778,0.7139979859013091
051500,CJ Freshway Corp,2026-02-06,pre,intrabar,up,0.13551401869158877,08:00,32100.0,36700.0,31950.0,32350.0,15384,0.5079407006306336,0.20745216515609266
019170,Shinpoong Pharmaceutical Co Ltd,2025-06-16,after,vshape,up,0.13516260162601626,16:00,9840.0,12180.0,9830.0,11800.0,245059,1.0717131474103585,0.5760322255790534
117580,Daesung Energy Co Ltd,2025-06-24,pre,intrabar,up,0.13427561837455831,08:00,8490.0,9680.0,8260.0,8540.0,520582,0.8125105352204124,0.16314199395770393
111770,Youngone Corp,2026-02-26,after,intrabar,up,0.13426423200859292,15:30,93100.0,107000.0,92700.0,94500.0,25021,1.6096886258363357,0.2628398791540785
017390,Seoul City Gas Co Ltd,2026-03-03,pre,intrabar,up,0.1340782122905028,08:00,71600.0,87700.0,71000.0,78100.0,151647,1.4464888685400332,0.21651560926485397
084850,ITM Semiconductor Co Ltd,2026-04-09,pre,intrabar,up,0.13402692778457773,08:00,16340.0,18690.0,15960.0,16500.0,2278835,4.151246374910739,0.12890231621349446
199800,ToolGen Inc,2026-03-30,pre,intrabar,down,0.13384615384615384,08:00,65000.0,70500.0,56300.0,66600.0,195984,1.6342350155098229,0.45720040281973817
008930,Hanmi Science Co Ltd,2026-03-05,pre,intrabar,up,0.13375,08:00,40000.0,45350.0,36550.0,38000.0,31068,0.23988881167477416,0.6576032225579054
117730,T-Robotics Co Ltd,2026-04-28,pre,intrabar,up,0.1336405529953917,08:00,21700.0,26400.0,21700.0,23500.0,920001,1.7438397033959345,0.6988922457200403
372320,Curocell Inc,2026-04-01,pre,intrabar,up,0.13345864661654136,08:00,53200.0,63400.0,53200.0,56300.0,221373,0.7026799686390025,0.6384692849949648
002960,Hankook Shell Oil Co Ltd,2025-06-23,pre,intrabar,up,0.1334056399132321,08:00,461000.0,534000.0,461000.0,472500.0,2875,1.2587565674255692,0.3192346424974824
181710,NHN Corp,2025-07-08,pre,intrabar,up,0.13286713286713286,08:00,28600.0,32400.0,28300.0,28450.0,7218,0.45556677606664986,0.4300100704934542
036560,KZ Precision Corp,2025-12-15,pre,intrabar,up,0.13270142180094788,08:00,14770.0,17700.0,14770.0,15740.0,117220,4.595601207511663,0.026183282980866064
036540,SFA Semicon Co Ltd,2025-09-10,pre,intrabar,down,0.13256484149855907,08:00,3470.0,3530.0,3010.0,3470.0,39390,0.15822390751593687,0.5448136958710977
014940,Oriental Precision & Engineering Co Ltd,2026-03-11,pre,intrabar,up,0.13150684931506848,08:00,7300.0,8950.0,6920.0,7990.0,1007323,1.5878808036798018,0.5800604229607251
053030,Binex Co Ltd,2025-08-27,pre,intrabar,up,0.13148148148148148,08:00,16200.0,18500.0,16180.0,16370.0,92219,1.0900848719827891,0.6153071500503524
476080,M Eighty Three Co Ltd,2025-06-26,pre,intrabar,up,0.13138686131386862,08:00,15070.0,17050.0,14500.0,14930.0,16144,0.4470783716422044,0.3685800604229607
005830,DB Insurance Co Ltd,2026-02-23,pre,intrabar,up,0.1297709923664122,08:00,196500.0,237000.0,196500.0,211500.0,47841,0.7938965500074675,0.5730110775427996
009420,Hanall Biopharma Co Ltd,2025-11-03,pre,intrabar,up,0.12949640287769784,08:00,41700.0,47100.0,40750.0,40850.0,243884,0.322521092861488,0.8640483383685801
024060,HeunguOil,2025-07-30,pre,intrabar,up,0.12918287937743192,08:00,12850.0,14900.0,12850.0,13240.0,576508,1.7161602600549521,0.4511581067472306
236200,Suprema Inc,2026-05-28,after,intrabar,up,0.12910798122065728,16:30,42600.0,49800.0,42600.0,44300.0,4460,0.7386551838357072,0.3031218529707956
281820,KCTech Co Ltd,2026-04-17,after,intrabar,up,0.12844036697247707,17:00,54500.0,66200.0,54500.0,59200.0,629908,19.767400991652543,0.6555891238670695
018250,Aekyung Industrial Co Ltd,2025-06-26,pre,intrabar,up,0.1283158544108575,08:30,16210.0,18770.0,16210.0,16690.0,258469,1.3539000665245382,0.3282980866062437
005810,Poongsan Holdings Corp,2025-07-09,pre,intrabar,up,0.12810707456978968,08:00,52300.0,59900.0,51000.0,53200.0,194272,1.2296396630187796,0.3756294058408862
003120,Ilsung IS Co Ltd,2026-01-14,after,intrabar,up,0.1280193236714976,16:00,20700.0,23500.0,20700.0,20850.0,3474,2.2456367162249515,0.027190332326283987
240550,DongBang Medical Co Ltd,2025-09-25,pre,intrabar,up,0.12797881729920565,08:00,11330.0,12840.0,11330.0,11390.0,294826,3.347138494374624,0.4068479355488419
435570,ERCOHS Agricultural Corp Co Ltd,2025-10-17,pre,intrabar,up,0.12764350453172205,08:00,13240.0,15130.0,11700.0,13440.0,608687,1.801168846540806,0.19436052366565962
084690,Daesang Holdings Co Ltd,2025-10-15,pre,intrabar,up,0.12732919254658384,08:00,9660.0,10890.0,9600.0,9630.0,433661,2.1227299871753456,0.31419939577039274
003540,Daishin Securities Co Ltd,2026-03-09,after,vshape,up,0.1273209549071618,16:00,37700.0,44000.0,37400.0,43500.0,120585,2.022186446646878,0.6646525679758308
117730,T-Robotics Co Ltd,2026-05-14,pre,intrabar,up,0.12727272727272726,08:00,22000.0,24800.0,20950.0,21950.0,230138,0.9948170850317934,0.6988922457200403
199800,ToolGen Inc,2025-10-10,pre,intrabar,up,0.12714285714285714,08:00,70000.0,78900.0,60300.0,65500.0,61954,0.4418090538266252,0.45720040281973817
293490,Kakao Games Corp,2026-02-04,after,intrabar,up,0.12632233976353455,16:00,16070.0,18880.0,16070.0,16850.0,921067,9.558999958487277,0.5639476334340383
051500,CJ Freshway Corp,2026-03-05,after,intrabar,up,0.12603648424543948,16:00,30150.0,34000.0,30050.0,30200.0,3928,0.2301113063854716,0.20745216515609266
078160,Medipost Co Ltd,2025-09-11,after,intrabar,up,0.12582236842105263,16:30,12160.0,14500.0,12160.0,12970.0,250152,14.966614813928443,0.5387713997985901
101730,Wemade Max Co Ltd,2026-04-20,pre,intrabar,down,0.1254295532646048,08:00,5820.0,6520.0,5090.0,6090.0,990709,9.341728585976691,0.15609264853977844
194700,Novarex Co Ltd,2025-08-11,pre,intrabar,up,0.12530120481927712,08:00,20750.0,24300.0,20750.0,21700.0,169197,1.2640225316758307,0.4159113796576032
199800,ToolGen Inc,2026-02-02,pre,intrabar,up,0.125,08:00,60000.0,67600.0,59600.0,60100.0,5009,0.19173939672331955,0.45720040281973817
338840,Y Biologics Inc,2025-07-01,after,intrabar,up,0.1248630887185104,18:00,9130.0,11300.0,9130.0,10160.0,214101,14.803360298693217,0.6636455186304129
004990,Lotte Corp,2026-03-09,after,intrabar,up,0.12457912457912458,18:00,29700.0,35600.0,29650.0,31900.0,143614,1.25390935363607,0.7139979859013091
086900,Medy Tox Inc,2025-09-25,pre,intrabar,up,0.12449799196787148,08:00,124500.0,140000.0,123500.0,124200.0,3447,0.3485691172009303,0.5619335347432024
361390,Genohco Inc,2025-12-19,pre,intrabar,up,0.12435897435897436,08:00,15600.0,18570.0,15600.0,16630.0,198382,1.1288701738412952,0.17220543806646527
018250,Aekyung Industrial Co Ltd,2026-03-20,pre,intrabar,up,0.1242544731610338,08:00,10060.0,15740.0,10060.0,14490.0,10648,0.467386533227987,0.3282980866062437
002960,Hankook Shell Oil Co Ltd,2026-03-06,pre,intrabar,up,0.12406015037593984,08:00,532000.0,600000.0,532000.0,534000.0,2677,0.9509769094138544,0.3192346424974824
161890,Kolmar Korea Co Ltd,2025-11-19,pre,intrabar,down,0.12380952380952381,08:00,63000.0,64200.0,55200.0,63700.0,3053,0.0579272920461445,0.8116817724068479
030530,Wonik Holdings Co Ltd,2026-01-20,after,intrabar,down,0.12345679012345678,18:30,40500.0,41350.0,35500.0,41100.0,519698,0.39399147422518627,0.9305135951661632
285130,SK Chemicals Co Ltd,2025-10-10,pre,intrabar,down,0.12345679012345678,08:00,56700.0,58900.0,49700.0,58700.0,631,0.10793705097502566,0.4662638469284995
294570,Coocon Corp,2025-07-16,pre,intrabar,down,0.12335958005249344,08:00,38100.0,40050.0,33400.0,38400.0,116434,0.024586792216962805,0.5417925478348439
236200,Suprema Inc,2026-04-16,pre,intrabar,up,0.12320328542094455,08:00,48700.0,58700.0,48700.0,52700.0,106653,2.5083609680378185,0.3031218529707956
179900,UTI Inc,2025-07-16,pre,intrabar,up,0.12237093690248566,08:00,26150.0,30000.0,25600.0,26800.0,61385,0.9353904761904762,0.41389728096676737
064960,SNT Motiv Co Ltd,2026-01-28,pre,intrabar,up,0.12225274725274725,08:00,36400.0,41400.0,36050.0,36950.0,23764,0.585334614153058,0.38368580060422963
000670,Youngpoong Corp,2025-12-15,pre,intrabar,up,0.12103746397694524,08:00,67378.6556,80291.2798,65339.8202,72135.9382,30390,0.5525798295276584,0.3121852970795569
267980,Maeil Dairies Co Ltd,2025-08-21,after,vshape,up,0.12100139082058414,17:00,35950.0,42350.0,35950.0,41600.0,22955,17.40333586050038,0.032225579053373615
001430,SeAH Besteel Holdings Corp,2026-01-20,after,intrabar,down,0.12094395280235988,18:30,67800.0,69400.0,59600.0,69400.0,72509,0.2982718832400235,0.702920443101712
204620,Global Tax Free Co Ltd,2025-07-31,after,intrabar,down,0.12066574202496533,17:00,7210.0,7210.0,5630.0,6500.0,890329,3.1703937669588997,0.6283987915407855
376900,Rokit Healthcare Inc,2026-01-30,pre,intrabar,down,0.12018489984591679,08:00,64900.0,67000.0,56900.0,64700.0,40490,0.13811664699581797,0.9103726082578046
069080,Webzen Inc,2026-01-20,pre,intrabar,down,0.12,08:00,12000.0,12340.0,10560.0,12170.0,6374,0.36078564555385745,0.11782477341389729
402030,Konan Technology Inc,2026-05-29,pre,intrabar,up,0.11987381703470032,08:00,15850.0,20400.0,15850.0,18500.0,179793,1.4921323883346889,0.37361530715005037
214150,Classys Inc,2025-10-01,pre,intrabar,up,0.11984282907662082,08:00,50900.0,57000.0,50700.0,50900.0,14963,0.21096041055718476,0.7482376636455186
069960,Hyundai Department Store Co Ltd,2026-04-20,after,intrabar,up,0.11969532100108814,17:30,91900.0,109100.0,91900.0,98100.0,82504,3.5058853524837463,0.47532729103726085
078520,Able C&C Co Ltd,2026-04-27,pre,intrabar,up,0.11958041958041958,08:00,14300.0,16600.0,14300.0,14890.0,99098,1.2600513694275615,0.3947633434038268
260970,S&D Co Ltd,2025-07-11,after,intrabar,up,0.11937377690802348,18:30,102200.0,115200.0,101200.0,103000.0,274639,11.288080558980683,0.5830815709969789
008830,DaedongGear,2025-09-19,pre,intrabar,up,0.1192093885114268,08:00,16190.0,18220.0,16100.0,16290.0,16398,0.40796118920263713,0.3987915407854985
200670,Humedix Co Ltd,2025-06-05,pre,intrabar,down,0.11900191938579655,08:00,52100.0,54300.0,45900.0,53000.0,4445,0.09590696269445703,0.5740181268882175
180640,Hanjin Kal Corp,2026-01-22,pre,intrabar,up,0.11893939393939394,08:00,132000.0,147700.0,127900.0,130500.0,6781,0.320417710154515,0.6706948640483383
081660,Misto Holdings Corp,2025-09-15,after,intrabar,up,0.11883691529709228,16:00,39550.0,45800.0,39550.0,41100.0,51556,10.466098254161592,0.2326283987915408
004000,Lotte Fine Chemical Co Ltd,2026-03-09,pre,intrabar,up,0.11875,08:00,48000.0,56700.0,46600.0,51000.0,171720,0.719508260601769,0.3867069486404834
372170,Yunsung F&C Co Ltd,2025-11-25,pre,intrabar,up,0.11854103343465046,08:00,32900.0,36800.0,31500.0,31600.0,1610,0.358974358974359,0.29103726082578046
003240,Taekwang Industrial Co Ltd,2025-07-01,after,intrabar,up,0.11838306063522618,17:30,1039000.0,1183000.0,1038000.0,1060000.0,1278,0.8974719101123596,0.3504531722054381
006110,Sama Aluminium Co Ltd,2026-04-08,pre,intrabar,down,0.11782477341389729,08:00,33100.0,36000.0,29200.0,34500.0,163483,0.10683731918272388,0.5961732124874118
424870,ImmuneOncia Therapeutics Inc,2026-05-13,pre,intrabar,up,0.11775043936731107,08:00,5690.0,6940.0,5680.0,6270.0,709541,2.468397982257784,0.7069486404833837
176750,DuChemBio Co Ltd,2026-05-11,pre,intrabar,up,0.11745689655172414,08:30,9280.0,10900.0,9280.0,9810.0,415396,4.130827366746221,0.19133937562940584
214430,I3System Inc,2026-03-09,pre,intrabar,up,0.11736178467507274,08:00,103100.0,115600.0,100400.0,103500.0,19915,0.6306206459784673,0.648539778449144
310210,Voronoi Inc,2026-05-13,pre,intrabar,up,0.11690647482014388,08:00,278000.0,315000.0,278000.0,282500.0,4749,0.10151991278137626,0.8862034239677744
453340,Hyundai Green Food Co Ltd,2026-04-20,after,intrabar,up,0.11681957186544342,17:30,16350.0,19030.0,16350.0,17120.0,115082,97.5271186440678,0.07351460221550855
002960,Hankook Shell Oil Co Ltd,2026-03-03,pre,intrabar,up,0.11673151750972763,08:00,514000.0,660000.0,514000.0,600000.0,18569,0.7960986066452305,0.3192346424974824
319660,PSK Inc,2025-09-19,pre,intrabar,up,0.11666666666666667,08:00,30000.0,34950.0,29900.0,31450.0,372540,0.6926324831136669,0.8026183282980867
105840,Woojin Inc,2026-01-20,after,intrabar,down,0.11666666666666667,18:30,24000.0,24600.0,21200.0,24500.0,950288,0.2666442192217471,0.7129909365558912
372170,Yunsung F&C Co Ltd,2026-04-20,pre,intrabar,up,0.11613876319758673,08:00,33150.0,39950.0,33100.0,36100.0,187039,3.2843822434501653,0.29103726082578046
001270,Bookook Securities Co Ltd,2026-02-24,pre,intrabar,down,0.11602209944751381,08:00,90500.0,105200.0,80000.0,96200.0,67532,0.47441814720366426,0.4692849949647533
000520,Samil Pharmaceutical Co Ltd,2025-06-09,pre,intrabar,up,0.11578947368421053,08:00,12350.0,13780.0,10980.0,11060.0,5968,0.10027387133088025,0.364551863041289
396270,Nextchip Co Ltd,2025-08-13,pre,intrabar,up,0.11571428571428576,08:00,2772.7525,3291.653325,2772.7525,2970.80625,193497,0.3821589994004395,0.2980866062437059
451250,Bbia Co Ltd,2025-11-24,pre,intrabar,down,0.11552612214863871,08:00,13590.0,13590.0,9500.0,11070.0,649184,1.9921563813790775,0.2759315206445116
267250,HD Hyundai Co Ltd,2025-08-07,pre,intrabar,up,0.11549925484351714,08:00,134200.0,152000.0,134200.0,136500.0,12965,0.4210645967977656,0.8600201409869084
052400,Kona I Co Ltd,2026-03-10,pre,intrabar,up,0.11501597444089456,08:00,62600.0,72000.0,62600.0,64800.0,16775,0.13427411931386124,0.7824773413897281
000440,Joong Ang Enervis Co Ltd,2025-06-16,pre,intrabar,down,0.1148936170212766,08:00,23500.0,25900.0,20800.0,25000.0,807605,1.1709528359472756,0.17421953675730112
014940,Oriental Precision & Engineering Co Ltd,2026-05-20,pre,intrabar,up,0.11483253588516747,08:00,6270.0,7410.0,6270.0,6690.0,937497,3.607367133028582,0.5800604229607251
200130,KolmarBNH Co Ltd,2025-08-21,pre,intrabar,up,0.11464618760285245,08:00,18230.0,20800.0,17810.0,18710.0,1520041,0.6131991592943559,0.22457200402819738
489460,Biobijou Co Ltd,2025-12-19,pre,intrabar,up,0.1145985401459854,08:00,13700.0,15500.0,13500.0,13930.0,60577,0.5860437668092022,0.5770392749244713
025950,Dongshin Engineering & Construction,2025-12-04,pre,intrabar,up,0.11430090377458799,08:00,18810.0,23250.0,18180.0,21100.0,791951,0.846267856074271,0.1540785498489426
454910,Doosan Robotics Inc,2025-11-19,pre,intrabar,up,0.11348464619492657,08:00,74900.0,84200.0,73100.0,75700.0,235732,0.8446178596125389,0.919436052366566
372320,Curocell Inc,2026-03-04,after,intrabar,down,0.11333333333333333,16:30,45000.0,45050.0,37600.0,42700.0,38888,0.6384606544188872,0.6384692849949648
096770,SK Innovation Co Ltd,2025-06-30,pre,intrabar,up,0.11322549952426261,08:00,105100.0,117000.0,100700.0,104400.0,235212,0.11028355775736323,0.9093655589123867
300720,Hanil Cement Co Ltd,2026-04-24,pre,intrabar,up,0.11319648093841642,08:00,17050.0,19000.0,16920.0,17070.0,15023,0.3556834055449014,0.3675730110775428
009970,Youngone Holdings Co Ltd,2026-02-26,after,intrabar,up,0.11316872427983539,16:00,243000.0,274000.0,238500.0,246500.0,1963,1.2330402010050252,0.17522658610271905
352480,C&C International Co Ltd,2025-07-07,pre,intrabar,up,0.11281337047353761,08:00,35900.0,39950.0,35400.0,35500.0,13282,0.09100813331232056,0.4038267875125881
082640,Tongyang Life Insurance Co Ltd,2025-07-04,after,intrabar,up,0.11278195488721804,16:00,6650.0,7400.0,6620.0,6620.0,82907,2.4335025976694356,0.33131923464249746
036620,Gamsung Corporation Co Ltd,2025-07-11,pre,intrabar,down,0.11251980982567353,08:00,6310.0,6540.0,5600.0,6390.0,37358,0.28140771652831553,0.4773413897280967
071050,Korea Investment Holdings Co Ltd,2026-03-09,pre,intrabar,down,0.11225490196078432,08:00,204000.0,225000.0,181100.0,214500.0,10225,0.21401063250868602,0.8841893252769386
348340,Neuromeka Co Ltd,2025-11-06,pre,intrabar,up,0.11214953271028037,08:00,32100.0,36500.0,31650.0,32900.0,105594,0.5661299921187654,0.6626384692849949
340570,T&L Co Ltd,2025-07-09,pre,intrabar,up,0.11202635914332784,08:00,60700.0,67500.0,60100.0,60500.0,1581,0.13382427628237684,0.49345417925478346
437730,Samhyun Co Ltd,2026-04-02,pre,intrabar,up,0.112,08:00,50000.0,62400.0,48000.0,56800.0,764085,1.559474899125036,0.8680765357502518
101930,Inhwa Precision Co Ltd,2026-05-06,after,intrabar,up,0.11188811188811189,15:30,14300.0,16470.0,14300.0,14870.0,112829,0.36105742153499565,0.18026183282980865
084690,Daesang Holdings Co Ltd,2026-01-09,pre,intrabar,up,0.11172566371681415,08:00,9040.0,11570.0,9040.0,10560.0,2030750,1.243105759636633,0.31419939577039274
005430,Korea Airport Service Co Ltd,2025-07-10,after,intrabar,up,0.11147540983606558,15:30,61000.0,67900.0,60800.0,61100.0,12244,0.5822158820732287,0.08358509566968782
456040,OCI Co Ltd,2025-09-24,after,intrabar,up,0.11130434782608696,16:00,57500.0,64500.0,57500.0,58100.0,119024,6.0076721179083385,0.5971802618328298
065350,Shinsung Delta Tech Co Ltd,2025-07-03,pre,intrabar,up,0.11127379209370425,08:00,68300.0,76800.0,67000.0,69200.0,34676,0.5142594432662504,0.8197381671701913
000370,Hanwha General Insurance Co Ltd,2025-07-24,pre,intrabar,down,0.11093990755007704,08:00,6490.0,6560.0,5770.0,6520.0,37883,0.11673872380289112,0.5669687814702921
008060,Daeduck Co Ltd,2026-03-09,after,intrabar,up,0.11083333333333334,15:30,12000.0,14000.0,12000.0,12670.0,205630,9.045042667370458,0.35246727089627394
107640,HanJungNCS Co Ltd,2026-03-03,pre,intrabar,down,0.11071428571428571,08:00,56000.0,56200.0,48000.0,54200.0,60030,0.3245110440790114,0.7734138972809668
125020,TC Materials Co Ltd,2025-12-09,pre,intrabar,down,0.11057692307692307,08:00,4160.0,4160.0,3080.0,3540.0,1675424,3.6988425000938276,0.35750251762336355
009970,Youngone Holdings Co Ltd,2025-11-07,pre,intrabar,up,0.11049382716049383,08:00,162000.0,199900.0,157300.0,182000.0,16162,1.1277649849975577,0.17522658610271905
069620,Daewoong Pharma,2026-05-07,after,vshape,up,0.11049339819318972,16:30,143900.0,164800.0,143900.0,161300.0,41690,7.086520482746898,0.56797583081571
002900,TYM Corp,2025-08-21,pre,intrabar,down,0.11038961038961038,08:00,6160.0,6260.0,5420.0,6100.0,266261,0.34524201600041493,0.32729103726082576
394280,Openedges Technology Inc,2026-03-30,after,vshape,up,0.10998774509803921,18:30,16320.0,18440.0,16250.0,18300.0,61776,0.4913073215734305,0.5780463242698892
053800,AhnLab Inc,2026-04-16,pre,intrabar,up,0.1095890410958904,08:00,65700.0,84000.0,65400.0,76800.0,594650,2.4162352807326926,0.44914400805639476
417010,NanoTim Co Ltd,2025-12-17,pre,intrabar,up,0.10953058321479374,08:00,7030.0,7800.0,6840.0,6900.0,1105680,1.288965777730111,0.028197381671701913
079160,CJ CGV Co Ltd,2025-07-23,pre,intrabar,up,0.109375,08:00,5120.0,5950.0,5120.0,5390.0,1174825,2.5777782166138965,0.40181268882175225
036560,KZ Precision Corp,2025-10-13,pre,intrabar,up,0.10915492957746478,08:30,14200.0,17490.0,14200.0,15940.0,109304,0.5376435057205536,0.026183282980866064
080220,Jeju Semiconductor Corp,2025-10-10,pre,intrabar,down,0.1088560885608856,08:00,27100.0,27100.0,21050.0,24000.0,3627426,1.053980597644614,0.8751258811681772
222800,Simmtech Co Ltd,2026-03-31,pre,intrabar,down,0.1088495575221239,08:00,56500.0,56500.0,43200.0,49350.0,67104,0.29011924011448437,0.9365558912386707
015760,Korea Electric Power Corp,2025-10-02,pre,intrabar,down,0.10875706214689265,08:00,35400.0,35800.0,31550.0,35600.0,56689,0.09626824484389461,0.9808660624370594
452430,Sapien Semiconductors Inc,2026-04-07,after,intrabar,up,0.10862068965517241,15:30,29000.0,34000.0,28850.0,30850.0,53561,2.6805965667384015,0.5327291037260826
086710,Sunjin Beauty Science Co Ltd,2025-11-21,pre,intrabar,up,0.1086021505376344,08:00,9300.0,10830.0,9040.0,9820.0,147584,3.0997878641490413,0.13192346424974824
131970,Doosan Tesna Inc,2026-04-07,pre,intrabar,up,0.10851926977687627,08:00,98600.0,110000.0,98200.0,99300.0,83035,0.5659265014585207,0.8660624370594159
168360,Pemtron Corp,2025-11-20,pre,intrabar,up,0.10842105263157895,08:00,19000.0,22050.0,19000.0,19990.0,141596,2.2365149815987744,0.5881168177240684
336370,Solus Advanced Materials Co Ltd,2026-03-11,pre,intrabar,down,0.10840438489646773,08:00,8210.0,8320.0,7320.0,8290.0,25656,0.18715941669523858,0.526686807653575
037710,GwangjuShinsegae Co Ltd,2026-02-11,after,intrabar,up,0.10826210826210826,15:30,35100.0,41000.0,35000.0,37200.0,27470,3.9394808547253692,0.16112789526686808
001430,SeAH Besteel Holdings Corp,2025-12-12,pre,intrabar,up,0.10822510822510822,08:00,34650.0,43550.0,34650.0,39800.0,320466,0.33373114557428674,0.702920443101712
101730,Wemade Max Co Ltd,2026-04-21,pre,intrabar,up,0.108,08:00,7500.0,8470.0,7300.0,7660.0,2741482,2.1473390522978204,0.15609264853977844
452430,Sapien Semiconductors Inc,2026-03-05,pre,intrabar,up,0.107981220657277,08:00,31950.0,35400.0,29700.0,30150.0,7028,0.16310048735205385,0.5327291037260826
145720,Dentium Co Ltd,2026-03-03,after,intrabar,up,0.10780287474332649,15:30,48700.0,54700.0,48600.0,49450.0,4750,0.26126175677905505,0.44108761329305135
003030,Seah Steel Holdings Corp,2026-03-23,pre,intrabar,up,0.10776942355889724,08:00,199500.0,230000.0,199500.0,208500.0,12056,0.5728676645283916,0.24773413897280966
101730,Wemade Max Co Ltd,2025-06-24,pre,intrabar,up,0.10775427995971802,08:00,9930.0,11000.0,9250.0,9470.0,745626,0.1475456354451781,0.15609264853977844
000440,Joong Ang Enervis Co Ltd,2025-06-18,pre,intrabar,up,0.10762331838565023,08:00,22300.0,25000.0,22200.0,22600.0,321081,1.4831353238978604,0.17421953675730112
036540,SFA Semicon Co Ltd,2025-11-12,pre,intrabar,up,0.10752688172043011,08:00,4650.0,5150.0,4510.0,4560.0,248849,0.23120311579620226,0.5448136958710977
241710,Cosmecca Korea Co Ltd,2025-08-11,after,vshape,up,0.10748407643312102,16:00,62800.0,77400.0,62400.0,72200.0,162137,3.211778455687176,0.6304128902316214
424960,Smart Radar System Inc,2025-09-02,after,intrabar,up,0.1071863580998782,16:00,8210.0,10150.0,8200.0,9270.0,192526,6.775029031917514,0.3202416918429003
025770,Korea Information & Communications Co Ltd,2025-06-20,pre,intrabar,down,0.10704022988505747,08:00,13920.0,13920.0,11120.0,12610.0,2179749,1.5080134546893549,0.04028197381671702
018290,VT Co Ltd,2025-07-31,pre,intrabar,up,0.10657894736842105,08:00,38000.0,42100.0,37750.0,38050.0,38144,0.12351011711831314,0.756294058408862
347700,Sphere Corp,2025-12-09,pre,intrabar,up,0.10657596371882086,08:00,8820.0,10020.0,8820.0,9080.0,819006,2.4575881604532253,0.7150050352467271
001750,Hanyang Securities Co Ltd,2025-06-11,after,vshape,up,0.1064891846921797,17:00,18030.0,20600.0,18030.0,19930.0,54515,0.8586391557725626,0.32628398791540786
108320,LX Semicon Co Ltd,2025-07-07,pre,intrabar,down,0.10644677661169415,08:00,66700.0,66700.0,59000.0,66100.0,640,0.06061180035988256,0.5095669687814703
437730,Samhyun Co Ltd,2026-01-20,after,intrabar,down,0.10635155096011817,18:30,67700.0,67900.0,60500.0,67800.0,105287,0.2880668682198115,0.8680765357502518
029530,Sindoh Co Ltd,2026-03-11,after,intrabar,up,0.1063063063063063,17:00,55500.0,63500.0,55500.0,57600.0,12084,2.4894932014833127,0.05639476334340383
004700,Chokwang Leather Co Ltd,2026-02-02,pre,intrabar,up,0.1062937062937063,08:00,71500.0,86100.0,71500.0,78500.0,19313,1.5292580568532743,0.041289023162134945
022100,Posco DX Co Ltd,2025-07-01,pre,intrabar,up,0.10612244897959183,08:00,24500.0,27100.0,23400.0,24150.0,241737,0.7011910010674339,0.8731117824773413
001460,BYC Co Ltd,2026-03-27,after,intrabar,up,0.106,17:00,50000.0,58300.0,50000.0,53000.0,6923,4.135603345280765,0.04632426988922457
336370,Solus Advanced Materials Co Ltd,2025-07-14,pre,intrabar,down,0.1058139534883721,08:00,8600.0,8890.0,7690.0,8720.0,6321,0.061022937905468026,0.526686807653575
002020,Kolon Corp,2026-03-06,after,intrabar,up,0.10570469798657718,18:00,59600.0,69600.0,59600.0,63300.0,20097,0.5543082524271845,0.7079556898288016
004490,Sebang Global Battery Co Ltd,2025-06-23,pre,intrabar,down,0.1056547619047619,08:00,67200.0,68400.0,60100.0,67800.0,1209,0.1075718480291841,0.45820745216515607
357780,SoulBrain Co Ltd,2026-01-29,pre,intrabar,up,0.1056422569027611,08:00,416500.0,489500.0,411500.0,445500.0,13339,0.37767207452079615,0.7260825780463243
403550,SoCar Inc,2026-05-28,pre,intrabar,up,0.1055944055944056,08:00,14300.0,17000.0,13850.0,15490.0,682230,2.7741046159851663,0.0473313192346425
289220,GiantStep Inc,2025-09-09,pre,intrabar,up,0.10517799352750809,08:00,6180.0,7070.0,6100.0,6420.0,134716,3.027393874019641,0.07653575025176233
130660,Korea Electronic Power Industrial Development Co Ltd,2025-08-25,pre,intrabar,up,0.10514018691588785,08:00,12840.0,14950.0,12840.0,13600.0,1398782,1.5220746096015547,0.525679758308157
047920,HLB Pharmaceutical Co Ltd,2026-01-26,pre,intrabar,up,0.105,08:00,20000.0,24250.0,19320.0,22150.0,792486,0.8557535731717325,0.5307150050352467
170900,Dong-A ST Co Ltd,2025-11-10,after,intrabar,up,0.10485436893203885,18:30,49047.6215,58380.9553,49047.6215,53238.0979,71141,5.3653785213549385,0.25579053373615307
064350,Hyundai Rotem Co,2026-03-04,pre,intrabar,down,0.10485436893203884,08:00,257500.0,273500.0,230500.0,271500.0,1573963,0.8485698512326117,0.9848942598187311
448280,EcoEye Co Ltd,2026-04-24,pre,intrabar,up,0.10479573712255773,08:00,11260.0,13900.0,11260.0,12720.0,603989,0.8014556504315864,0.2930513595166163
007070,GS Retail Co Ltd,2026-05-07,pre,intrabar,down,0.10467706013363029,08:00,22450.0,22450.0,20000.0,22350.0,5106,0.046600346810258285,0.391742195367573
181710,NHN Corp,2026-05-12,pre,intrabar,up,0.10434782608695652,08:00,40250.0,44800.0,40250.0,40600.0,28244,0.8446424833278507,0.4300100704934542
383220,F&F Co Ltd,2025-11-10,after,intrabar,up,0.10410094637223975,15:30,63400.0,73500.0,63300.0,66900.0,69045,4.828321678321679,0.46827794561933533
416180,Shinsung ST Co Ltd,2025-10-17,after,intrabar,down,0.10405257393209201,16:30,45650.0,45800.0,40250.0,45000.0,40473,0.24944684470357656,0.6122860020140987
437730,Samhyun Co Ltd,2026-05-28,pre,intrabar,down,0.10396039603960396,08:00,60600.0,61600.0,52100.0,58400.0,144972,0.3299595095627078,0.8680765357502518
089890,Koses Co Ltd,2026-01-07,pre,intrabar,down,0.10367170626349892,08:00,23150.0,24800.0,20750.0,23850.0,2975,0.042619334135579626,0.675730110775428
026960,Dong Suh Companies Inc,2026-04-21,after,intrabar,up,0.10351201478743069,16:00,27050.0,30000.0,27050.0,27200.0,52266,1.2572706935123044,0.44008056394763345
278280,Chunbo Co Ltd,2025-07-18,after,intrabar,up,0.10348977135980746,16:30,41550.0,48600.0,41550.0,44300.0,132770,7.1083627797408715,0.5659617321248741
036560,KZ Precision Corp,2025-12-16,pre,intrabar,up,0.10316455696202531,08:00,15800.0,18750.0,15680.0,17120.0,268573,4.065161124313197,0.026183282980866064
053610,Protec Co Ltd,2026-05-19,pre,intrabar,up,0.10314875135722042,08:00,92100.0,104200.0,90000.0,94700.0,27766,0.8100475537532457,0.3806646525679758
020150,Lotte Energy Materials Corp,2025-06-23,pre,intrabar,down,0.1031390134529148,08:00,22300.0,22900.0,20000.0,22700.0,7011,0.158734830646622,0.7049345417925479
486990,Nota Inc,2026-05-27,after,intrabar,up,0.10299625468164794,17:00,26700.0,37000.0,26650.0,34250.0,836601,5.951998463267833,0.8690835850956697
461300,I Scream Media Co Ltd,2025-11-06,pre,intrabar,up,0.10294117647058823,08:00,18360.0,20250.0,17010.0,17270.0,2286,0.16213915880558905,0.2678751258811682
086280,Hyundai Glovis Co Ltd,2026-01-08,pre,intrabar,up,0.102803738317757,08:00,214000.0,255000.0,211500.0,233000.0,345983,1.8794843658329894,0.8620342396777442
220100,FutureChem Co Ltd,2026-05-04,pre,intrabar,up,0.10226049515608181,08:00,18580.0,23300.0,18580.0,21400.0,350821,0.8330566933808252,0.552870090634441
079160,CJ CGV Co Ltd,2025-06-20,pre,intrabar,up,0.10220440881763528,08:00,4990.0,6120.0,4990.0,5610.0,1409634,0.982547242472675,0.40181268882175225
097520,MCNex Co Ltd,2025-09-25,pre,intrabar,down,0.10211267605633803,08:00,28400.0,29050.0,25500.0,28950.0,1254,0.038634543101854706,0.39375629405840884
377480,Maum AI Inc,2025-10-02,pre,intrabar,up,0.10196078431372549,08:00,25500.0,28500.0,25400.0,25900.0,101138,0.32152519257241136,0.5196374622356495
014710,Sajo Sea Food Co Ltd,2025-12-12,pre,intrabar,up,0.10194730813287514,08:00,8730.0,10200.0,8500.0,9310.0,389034,3.4937315899130685,0.05337361530715005
499790,GS P&L Co Ltd,2026-04-13,pre,intrabar,down,0.10194730813287514,08:00,43650.0,45550.0,39200.0,44200.0,2918,0.291625024985009,0.6515609264853978
005090,SGC Energy Co Ltd,2026-03-25,pre,intrabar,up,0.10182370820668693,08:00,65800.0,73700.0,65800.0,67000.0,69957,1.0235712404529893,0.22356495468277945
064820,Cape Industries Ltd,2026-03-16,pre,intrabar,up,0.1016949152542373,08:00,11800.0,13000.0,11190.0,11570.0,151712,1.4301659125188537,0.5085599194360524
419530,SAMG Entertainment Co Ltd,2026-03-25,pre,intrabar,up,0.10147058823529412,08:00,34000.0,38000.0,34000.0,34550.0,4376,0.16612254194821957,0.6777442094662638
031210,Seoul Guarantee Insurance Co,2025-07-11,after,intrabar,up,0.10143329658213891,17:30,45350.0,54000.0,45250.0,49400.0,40998,1.0547737271347346,0.473313192346425
445680,Curiox BioSystems Co Ltd,2026-01-20,after,intrabar,down,0.10124333925399645,18:30,112600.0,112700.0,100000.0,111400.0,20734,0.34177862029176626,0.8046324269889225
003070,Kolon Global Corp,2025-06-25,after,vshape,up,0.10111223458038422,16:00,9890.0,11590.0,9890.0,10990.0,182154,8.445959104186953,0.02920443101711984
009830,Hanwha Solutions Corp,2025-06-17,pre,intrabar,down,0.10096818810511757,08:00,36150.0,36150.0,32000.0,35650.0,1411138,0.2780657893310817,0.9748237663645518
071320,Korea District Heating Corp,2026-01-21,pre,intrabar,up,0.10091743119266056,08:00,109000.0,120000.0,108700.0,108900.0,1651,0.19018546250431978,0.4149043303121853
082270,GemVax & KAEL Co Ltd,2025-11-10,pre,intrabar,up,0.10078534031413612,08:00,38200.0,45950.0,38200.0,42100.0,2074357,1.2674229977521472,0.8348439073514602
033780,KT&G Corp,2026-03-09,pre,intrabar,down,0.10066666666666667,08:00,150000.0,154000.0,134900.0,150700.0,4967,0.19090629564147898,0.7623363544813696
046890,Seoul Semiconductor Co Ltd,2025-07-14,after,intrabar,up,0.10057471264367816,18:00,6960.0,8180.0,6960.0,7480.0,722189,18.659285861926417,0.30513595166163143
100090,SK Oceanplant Co Ltd,2025-07-11,pre,intrabar,up,0.10047846889952153,08:00,20900.0,23000.0,20500.0,20650.0,33864,0.09467177710868635,0.8076535750251762
448900,PIM Korea Co Ltd,2026-01-13,pre,intrabar,up,0.100418410041841,08:00,71700.0,86400.0,71100.0,79200.0,378604,1.8905056275154044,0.8912386706948641
240810,Wonik IPS Co Ltd,2026-01-20,after,intrabar,down,0.100418410041841,18:30,71700.0,72400.0,64500.0,71700.0,45834,0.30865477857989443,0.9073514602215509
016610,DB Securities Co,2026-02-19,pre,intrabar,up,0.10026041666666667,08:00,15360.0,19590.0,15250.0,18050.0,626780,0.8708821784420604,0.3413897280966767
295310,HVM Co Ltd,2026-01-20,after,intrabar,down,0.10024154589371981,18:30,82800.0,86400.0,74500.0,85900.0,122454,0.1664652473515286,0.730110775427996
115180,Qurient Co Ltd,2026-05-22,pre,intrabar,down,0.10018214936247723,08:00,27450.0,27900.0,24700.0,27900.0,2100,0.03579708168553116,0.6837865055387714
082920,VitzroCell Co Ltd,2026-01-08,pre,intrabar,up,0.10015408320493066,08:00,19470.0,22400.0,19470.0,20450.0,180807,1.5166209517099072,0.5720040281973817
048410,Hyundai Bioscience Co Ltd,2025-07-24,pre,intrabar,up,0.10012515644555695,08:00,3995.0,4395.0,3770.0,3895.0,1877518,1.918091387111571,0.6344410876132931
112040,WeMade Co Ltd,2025-06-17,pre,intrabar,up,0.1,08:00,32000.0,36000.0,32000.0,32800.0,22471,0.24981378750653133,0.5981873111782477
267270,HD Construction Equipment Co Ltd,2025-08-06,pre,intrabar,up,0.1,08:00,100000.0,110000.0,99100.0,99500.0,9809,0.4177597955706985,0.9254783484390735
322510,JLK Inc,2025-11-04,pre,intrabar,down,0.1,08:00,5000.0,5620.0,4500.0,5570.0,3640,0.047277025184107646,0.1973816717019134
000660,SK Hynix Inc,2026-04-08,pre,intrabar,up,0.1,08:00,1000000.0,1100000.0,948000.0,981000.0,1339556,0.507194707675718,0.998992950654582
