name,code,date,session,direction,spike,nxt_extreme,krx_open,krx_low,krx_high,outside_krx
Hana Micron Inc,067310,2025-10-13,pre,up,0.3354430379746835,31650.0,23400.0,23300.0,28350.0,True
C&C International Co Ltd,352480,2026-02-26,pre,up,0.3250564334085778,38850.0,31800.0,30900.0,32050.0,True
L&F Co Ltd,066970,2026-02-03,pre,down,0.3103703703703703,86400.0,127400.0,110200.0,127500.0,True
Peptron Inc,087010,2025-06-04,pre,up,0.3027295285359802,210000.0,161000.0,161000.0,167400.0,True
Seoul Broadcasting System,034120,2026-01-09,pre,down,0.2988197424892704,13060.0,18620.0,18390.0,18640.0,True
Cmes Robotics Inc,475400,2026-01-27,pre,down,0.2983490566037736,29750.0,42200.0,40500.0,43750.0,True
SEC Co Ltd,081180,2025-09-12,pre,up,0.2975609756097561,11940.0,9790.0,9360.0,10710.0,True
Cosmecca Korea Co Ltd,241710,2025-06-18,pre,down,0.2962962962962963,39900.0,57100.0,56000.0,60300.0,True
Nota Inc,486990,2026-01-15,pre,down,0.2939330543933054,33750.0,48900.0,48150.0,49400.0,True
Saltlux Inc,304100,2025-07-24,pre,down,0.2936708860759494,27900.0,40050.0,38200.0,40050.0,True
Foosung Co Ltd,093370,2025-10-28,pre,down,0.2936259143155695,6600.0,9290.0,9030.0,10410.0,True
Y Biologics Inc,338840,2025-06-17,pre,down,0.2920930232558139,7560.0,10820.0,10030.0,10880.0,True
Fadu Inc,440110,2025-08-19,pre,down,0.2916666666666667,8730.0,12470.0,11880.0,12480.0,True
JW Pharmaceutical Corp,001060,2025-08-26,pre,down,0.2906976744186046,15250.0,21850.0,21450.0,21850.0,True
Hanmi Semiconductor Co Ltd,042700,2025-07-14,pre,down,0.2901168969181721,66800.0,93800.0,89200.0,94200.0,True
Hyundai Motor Co,005380,2025-06-16,pre,down,0.2899949212798375,139300.0,198400.0,196200.0,202000.0,True
Daesang Holdings Co Ltd,084690,2025-06-11,pre,down,0.2894499549143372,7880.0,11140.0,10660.0,11190.0,True
Samyang Comtech Co Ltd,484590,2026-04-08,pre,down,0.2845326716294458,8490.0,11900.0,11800.0,12070.0,True
Hanwha Vision Co Ltd,489790,2025-07-31,pre,down,0.2842998585572843,47300.0,66800.0,60200.0,69100.0,True
HD Hyundai Heavy Industries Co Ltd,329180,2025-09-29,pre,down,0.2822916666666666,344500.0,493500.0,486500.0,495500.0,True
Atec Co Ltd,045660,2025-06-04,pre,down,0.281947261663286,14160.0,20400.0,15640.0,20450.0,True
Yuhan Corp,000100,2026-02-11,pre,down,0.2818181818181818,78100.0,108900.0,107600.0,109200.0,True
Partron Co Ltd,091700,2025-07-28,pre,down,0.2817337461300309,4640.0,6550.0,6430.0,6600.0,True
Dong Suh Companies Inc,026960,2025-12-29,pre,down,0.28125,20250.0,28250.0,27400.0,28250.0,True
Studio Dragon Corp,253450,2025-11-14,pre,down,0.2793931731984829,28500.0,40250.0,39600.0,40300.0,True
Jeju Bank,006220,2025-06-18,pre,down,0.2778345250255362,7070.0,9900.0,9860.0,10090.0,True
Suprema Inc,236200,2025-09-18,pre,down,0.2774390243902439,23700.0,34100.0,33700.0,34250.0,True
Samsung SDS Co Ltd,018260,2025-07-16,pre,down,0.2772166105499439,128800.0,182200.0,180100.0,191800.0,True
SNTEnergy Co Ltd,100840,2025-08-18,pre,down,0.2765737874097007,34950.0,48500.0,46700.0,49750.0,True
PI Advanced Materials Co Ltd,178920,2025-11-21,pre,down,0.2761732851985559,12030.0,16610.0,16070.0,16690.0,True
Hyundai Wia Corp,011210,2025-07-23,pre,down,0.276,36200.0,51500.0,51400.0,52700.0,True
Hanwha Engine Co Ltd,082740,2025-08-06,pre,down,0.275,27100.0,37250.0,36400.0,37700.0,True
KakaoPay Corp,377300,2025-11-14,pre,down,0.2746212121212121,37800.0,52400.0,51700.0,53200.0,True
Refine Co Ltd,377450,2025-08-01,pre,down,0.2724568709101725,12230.0,17480.0,16200.0,17480.0,True
Green Chemical Co Ltd,083420,2025-06-23,pre,down,0.2710843373493976,5980.0,8270.0,8110.0,8610.0,True
Huons Global Co Ltd,084110,2025-11-05,pre,up,0.2686804451510334,80700.0,63800.0,57200.0,64200.0,True
LG CNS Co Ltd,064400,2025-08-20,pre,down,0.268188302425107,49700.0,68300.0,66200.0,68900.0,True
JB Financial Group Co Ltd,175330,2025-07-07,pre,down,0.2663438256658595,15150.0,21900.0,21600.0,22650.0,True
Zaram Technology Inc,389020,2025-07-02,pre,down,0.26625,29300.0,40100.0,38500.0,40100.0,True
Samsung Electronics Co Ltd,005930,2026-02-06,pre,down,0.2657894736842105,111600.0,154100.0,151600.0,160300.0,True
GnCenergy Co Ltd,119850,2025-06-11,pre,up,0.2642857142857143,36250.0,28800.0,27550.0,29100.0,True
KCC Corp,002380,2026-04-16,pre,down,0.263915547024952,383500.0,550000.0,537000.0,560000.0,True
Kyung Dong Navien Co Ltd,009450,2026-02-13,pre,down,0.2625954198473282,48300.0,68000.0,66900.0,69000.0,True
EcoEye Co Ltd,448280,2025-07-04,pre,down,0.26168876482903,10580.0,14140.0,13010.0,14170.0,True
Samlip Co Ltd,005610,2026-03-16,pre,up,0.2584905660377358,67000.0,53200.0,51800.0,53300.0,True
Emro Incorporated,058970,2026-05-13,pre,down,0.2581818181818182,20250.0,27200.0,26300.0,27800.0,True
Refine Co Ltd,377450,2025-08-07,pre,down,0.2578125,12350.0,17290.0,16910.0,17460.0,True
Kyobo Securities Co Ltd,030610,2026-03-30,pre,down,0.2577235772357724,9130.0,12190.0,11810.0,12200.0,True
Airrane Co Ltd,163280,2025-08-27,pre,down,0.2569974554707379,5840.0,8310.0,8200.0,8375.0,True
Jahwa Electronics Co Ltd,033240,2026-01-30,pre,down,0.2560137457044673,20350.0,28050.0,27650.0,31100.0,True
Gridwiz Co Ltd,453450,2025-07-25,pre,up,0.2528473804100228,28500.0,22950.0,21400.0,23000.0,True
BNC Korea Inc,256840,2025-06-02,pre,down,0.2520661157024793,3920.0,5940.0,5730.0,6310.0,True
E-Mart Inc,139480,2025-08-04,pre,down,0.2496924969249692,61000.0,86500.0,86400.0,89300.0,True
Hankuk Carbon Co Ltd,017960,2025-07-28,pre,up,0.2486583184257602,35450.0,28500.0,27200.0,28550.0,True
Curiosis Inc,494120,2026-02-13,pre,down,0.2460881934566145,53000.0,72000.0,70800.0,81800.0,True
DSC Investment Inc,241520,2025-08-14,pre,down,0.2459016393442623,4600.0,6180.0,6180.0,6370.0,True
K Car Co Ltd,381970,2026-04-01,pre,up,0.2441113490364025,17700.0,14200.0,11560.0,14630.0,True
ITCenGlobal Co Ltd,124500,2026-01-13,pre,up,0.2425474254742547,46650.0,37300.0,34000.0,37900.0,True
Hana Materials Inc,166090,2026-01-22,pre,up,0.2420262664165103,66600.0,53600.0,51800.0,54800.0,True
SeAH Besteel Holdings Corp,001430,2025-08-18,pre,up,0.2417962003454231,36300.0,29750.0,28500.0,29750.0,True
Fursys Inc,016800,2026-01-13,after,up,0.2375565610859728,55700.0,42950.0,42850.0,45250.0,True
Daishin Securities Co Ltd,003540,2026-02-10,pre,up,0.2363067292644757,39500.0,31850.0,31400.0,36250.0,True
IS Dongseo Co Ltd,010780,2026-03-19,pre,down,0.2361331220285261,24000.0,31650.0,30500.0,31800.0,True
Innospace Co Ltd,462350,2025-08-26,pre,up,0.2357976653042824,8945.139764,7322.847414,7266.517819,7818.547854,True
SM Entertainment Co Ltd,041510,2025-11-21,pre,down,0.2357723577235772,75200.0,103500.0,101500.0,104000.0,True
SAMG Entertainment Co Ltd,419530,2026-05-15,after,up,0.235593220338983,38900.0,40300.0,38150.0,41800.0,False
Samchully Co Ltd,004690,2026-03-25,pre,up,0.2354797979797979,195700.0,153400.0,151200.0,153700.0,True
Shinsegae International Inc,031430,2026-05-14,pre,up,0.2349914236706689,21600.0,16930.0,16300.0,17000.0,True
Anterogen Co Ltd,065660,2026-02-09,pre,up,0.2345013477088948,49100.0,41500.0,38100.0,41500.0,True
Dongwoon Anatech Co Ltd,094170,2025-07-22,pre,down,0.2325301204819277,12740.0,18430.0,18370.0,19000.0,True
KGInicis Co Ltd,035600,2025-06-24,pre,up,0.2310258548790658,14760.0,11800.0,11330.0,12450.0,True
VitzroCell Co Ltd,082920,2026-05-13,pre,down,0.2306306306306306,42700.0,58600.0,55600.0,63100.0,True
NC Corp,036570,2025-06-16,pre,down,0.2299065420560747,123600.0,176100.0,168500.0,177600.0,True
Sungshin Cement Co Ltd,004980,2026-05-21,pre,up,0.2274211099020674,11580.0,9320.0,9160.0,9470.0,True
Dongwoon Anatech Co Ltd,094170,2025-08-08,pre,down,0.2273291925465838,12440.0,17670.0,17670.0,18050.0,True
Korea Electric Power Corp,015760,2025-07-14,pre,down,0.2255434782608695,28150.0,36500.0,35800.0,37050.0,True
SNTEnergy Co Ltd,100840,2026-05-06,pre,up,0.2242524916943521,76100.0,64500.0,61800.0,67400.0,True
SNT Dynamics Co Ltd,003570,2026-03-13,pre,down,0.2233009708737864,40000.0,53300.0,50800.0,53400.0,True
Clio Cosmetics Co Ltd,237880,2025-11-27,pre,down,0.2217898832684824,10000.0,13130.0,13120.0,13370.0,True
Tokai Carbon Korea Co Ltd,064760,2026-03-13,pre,down,0.2208955223880597,156600.0,216000.0,213500.0,240000.0,True
Solid Inc,050890,2025-09-08,pre,up,0.2148148148148148,8200.0,6640.0,6530.0,6680.0,True
Saltlux Inc,304100,2025-06-05,pre,down,0.2128623188405797,29750.0,42550.0,41400.0,50200.0,True
T-Robotics Co Ltd,117730,2026-05-26,pre,down,0.2123529411764705,13390.0,19680.0,18810.0,19900.0,True
LS Materials Ltd,417200,2025-12-22,pre,up,0.2121212121212121,16000.0,12920.0,12900.0,14030.0,True
SNT Holdings Co Ltd,036530,2025-07-02,pre,up,0.2112,77800.0,63600.0,54700.0,65100.0,True
Hanmi Pharm Co Ltd,128940,2025-09-29,after,up,0.210455764075067,489000.0,381000.0,370000.0,381000.0,True
Samjin Pharmaceutical Co Ltd,005500,2026-03-16,pre,up,0.2089947089947089,22850.0,18520.0,18110.0,18580.0,True
Kyobo Securities Co Ltd,030610,2026-04-09,pre,up,0.2086614173228346,16000.0,13190.0,12560.0,13190.0,True
Hanmi Semiconductor Co Ltd,042700,2026-05-19,pre,down,0.2079207920792079,240000.0,303000.0,277000.0,305500.0,True
Hana Technology Co Ltd,299030,2026-02-10,pre,up,0.20625,38800.0,32000.0,30900.0,32200.0,True
Asiana IDT Inc,267850,2025-07-11,pre,up,0.2044025157232704,15320.0,12420.0,12290.0,12500.0,True
JS Link Inc,127120,2026-01-26,pre,up,0.2039473684210526,27650.0,22900.0,22800.0,24450.0,True
KMW Co Ltd,032500,2025-06-02,pre,up,0.2016194331983805,14840.0,11300.0,10660.0,11300.0,True
Iljin HySolus Co Ltd,271940,2025-09-25,pre,down,0.2011173184357542,14300.0,17950.0,17500.0,18180.0,True
SFA Engineering Corp,056190,2026-03-05,pre,up,0.2,36000.0,29350.0,29350.0,31700.0,True
NHN Corp,181710,2025-06-09,pre,up,0.1974789915966386,28500.0,22400.0,22250.0,25550.0,True
Kukdo Chemical Co Ltd,007690,2026-03-24,pre,down,0.1959654178674351,27900.0,36500.0,35350.0,36750.0,True
Sama Aluminium Co Ltd,006110,2026-04-13,pre,up,0.1949910554561717,71700.0,60400.0,57300.0,63900.0,True
KCC Corp,002380,2026-02-19,pre,up,0.1944444444444444,731000.0,589000.0,581000.0,607000.0,True
Coway Co Ltd,021240,2025-06-30,pre,down,0.1923890063424947,76400.0,97500.0,95500.0,98500.0,True
Daesang Corp,001680,2025-09-01,pre,down,0.1921296296296296,17450.0,22550.0,22350.0,22800.0,True
Samsung Electronics Co Ltd,005930,2026-05-26,pre,down,0.1919191919191919,240000.0,298500.0,297500.0,302000.0,True
L&C Bio Co Ltd,290650,2026-04-08,pre,up,0.1909090909090909,80700.0,70100.0,65000.0,71100.0,True
Korea Petro Chemical Ind Co Ltd,006650,2026-03-03,pre,up,0.1896280775275013,236000.0,199600.0,165000.0,202500.0,True
DB Securities Co,016610,2026-05-07,pre,up,0.1894990947495473,20000.0,16550.0,15130.0,16570.0,True
ENF Technology Co Ltd,102710,2026-04-08,pre,up,0.1875,57000.0,48200.0,46400.0,48350.0,True
Otoki Corp,007310,2025-12-02,pre,down,0.187012987012987,313000.0,390000.0,388000.0,392000.0,True
Studio Dragon Corp,253450,2025-11-05,pre,down,0.1868512110726643,34900.0,43200.0,41500.0,43200.0,True
KolmarBNH Co Ltd,200130,2025-09-18,pre,down,0.1865252651278852,13040.0,16500.0,16160.0,16560.0,True
Samsung Fire & Marine Insurance Co Ltd,000810,2025-09-01,pre,down,0.1863636363636363,358000.0,447000.0,444000.0,457500.0,True
SK Innovation Co Ltd,096770,2026-03-03,pre,up,0.1857142857142857,166000.0,140400.0,128700.0,141300.0,True
ITM Semiconductor Co Ltd,084850,2025-10-27,pre,up,0.1854251012145749,14770.0,12310.0,12110.0,12400.0,True
Korea Circuit Co Ltd,007810,2025-09-11,pre,up,0.1842918985776128,19660.0,16830.0,16170.0,16850.0,True
ITM Semiconductor Co Ltd,084850,2025-07-01,after,up,0.1836065573770491,14840.0,12080.0,12050.0,12300.0,True
GigaVis Co Ltd,420770,2025-10-21,pre,up,0.1818181818181818,42500.0,36700.0,34300.0,36700.0,True
Proteina Co Ltd,468530,2026-04-03,pre,up,0.1812865497076023,80800.0,66700.0,62400.0,67300.0,True
Ilsung IS Co Ltd,003120,2026-02-06,pre,down,0.1793427230046948,17480.0,,,,False
JS Corp,194370,2026-04-28,pre,down,0.1786941580756013,11950.0,15370.0,14590.0,15380.0,True
Hansae Co Ltd,105630,2026-01-19,after,up,0.1784722222222222,17000.0,13980.0,13780.0,14750.0,True
Nongshim Co Ltd,004370,2025-07-15,pre,up,0.1759809750297265,500000.0,425500.0,414500.0,428500.0,True
NatureCell Co Ltd,007390,2026-03-13,after,down,0.1755184623166413,13000.0,18300.0,18120.0,20500.0,True
Daewoo Engineering & Construction Co Ltd,047040,2025-06-20,pre,down,0.1744583808437856,3620.0,4425.0,4245.0,4425.0,True
Hyundai Autoever Corp,307950,2026-03-19,pre,down,0.1738095238095238,347000.0,421500.0,420500.0,444000.0,True
Protec Co Ltd,053610,2026-02-19,pre,up,0.1728187919463087,70400.0,60000.0,57700.0,62000.0,True
Ggumbi Inc,407400,2025-07-29,pre,down,0.1720733427362482,5830.0,7060.0,6980.0,7400.0,True
Yangjisa Co Ltd,030960,2025-12-26,pre,down,0.1717791411042944,6750.0,8180.0,7960.0,8180.0,True
IntoCell Inc,287840,2025-08-08,after,down,0.1716,18110.0,24950.0,24250.0,25600.0,True
SyntekaBio Inc,226330,2025-11-06,pre,down,0.1714285714285714,3359.659655,4845.0,4265.0,4990.0,True
Unid Co Ltd,014830,2026-02-05,pre,down,0.1713147410358565,62400.0,81500.0,80200.0,82000.0,True
GemVax & KAEL Co Ltd,082270,2025-10-24,pre,up,0.1710526315789473,45250.0,39100.0,38100.0,48900.0,False
Flitto Inc,300080,2025-07-02,after,up,0.1703612479474548,15350.0,12230.0,11550.0,12230.0,True
HanJungNCS Co Ltd,107640,2026-05-29,pre,up,0.1703577512776831,68700.0,57000.0,51400.0,57000.0,True
DI Dong Il Corp,001530,2025-06-02,pre,down,0.1703124999999999,25285.71555,31523.8111,31238.0968,32476.1921,True
CS Wind Corp,112610,2025-06-27,pre,up,0.1691022964509394,57800.0,49850.0,47500.0,50000.0,True
Daewonsanup,005710,2026-02-26,pre,up,0.169070975187536,21750.0,18530.0,17740.0,18930.0,True
Wooyang HC Co Ltd,101970,2025-07-10,pre,down,0.1683348498635122,9140.0,11620.0,11400.0,11680.0,True
DND PharmaTech Inc,347850,2026-05-28,pre,up,0.1683348498635122,128400.0,105000.0,102300.0,114700.0,True
KCTech Co Ltd,281820,2025-06-10,pre,up,0.1673003802281368,31100.0,26900.0,26000.0,26900.0,True
Soosan Industries Co Ltd,126720,2026-03-23,pre,up,0.1672077922077922,36850.0,31600.0,29400.0,31600.0,True
WebCash Corp,053580,2025-09-15,pre,down,0.1640845070422535,11870.0,14430.0,13950.0,14430.0,True
Artist Company Inc,321820,2025-06-23,pre,up,0.1636927851047323,15000.0,12530.0,11600.0,12690.0,True
OCI Co Ltd,456040,2026-04-02,pre,down,0.1632653061224489,77900.0,93600.0,87700.0,93700.0,True
ITM Semiconductor Co Ltd,084850,2025-07-28,pre,up,0.1625766871165644,15580.0,13250.0,13250.0,13990.0,True
Gabia Inc,079940,2026-05-26,pre,up,0.1624605678233438,38000.0,32850.0,31500.0,32850.0,True
NatureCell Co Ltd,007390,2025-10-20,pre,up,0.1624472573839662,30000.0,26100.0,25150.0,28700.0,True
SeAH Besteel Holdings Corp,001430,2025-12-15,pre,up,0.1620111731843575,56600.0,48900.0,45350.0,54100.0,True
Webzen Inc,069080,2025-09-19,pre,up,0.1610738255033557,17300.0,14760.0,14640.0,14880.0,True
CJ Freshway Corp,051500,2026-03-11,pre,up,0.1596516690856313,39950.0,32700.0,32650.0,36000.0,True
S Biomedics Co Ltd,304360,2026-03-11,pre,up,0.1594202898550724,44000.0,37850.0,37450.0,41250.0,True
Sapien Semiconductors Inc,452430,2026-04-23,pre,up,0.1593038821954484,47000.0,41400.0,39500.0,47600.0,False
Sejin Heavy Industries Co Ltd,075580,2025-08-14,pre,down,0.1589506172839506,10900.0,13290.0,13050.0,13520.0,True
Shinyoung Securities Co Ltd,001720,2026-01-15,pre,up,0.1586206896551724,168000.0,145000.0,144400.0,151200.0,True
Jahwa Electronics Co Ltd,033240,2026-04-28,pre,up,0.1584905660377358,61400.0,50800.0,47350.0,50800.0,True
Nexon Games Co Ltd,225570,2026-05-11,after,up,0.1581311769991015,12890.0,11240.0,10900.0,11240.0,True
Youngone Holdings Co Ltd,009970,2026-05-12,after,up,0.1580246913580247,240000.0,207500.0,199900.0,211000.0,True
JW Pharmaceutical Corp,001060,2026-04-10,pre,up,0.1577380952380952,38900.0,32700.0,31550.0,33100.0,True
Junjin Construction & Robot Co Ltd,079900,2025-10-17,pre,up,0.1566731141199226,61100.0,53400.0,50500.0,53500.0,True
JS Link Inc,127120,2026-01-07,pre,up,0.1556350626118068,19880.0,17220.0,17220.0,18250.0,True
Nibec Co Ltd,138610,2025-09-03,pre,down,0.1554621848739495,20000.0,23600.0,23150.0,24000.0,True
Lotte Fine Chemical Co Ltd,004000,2026-01-07,pre,up,0.1553191489361702,54300.0,42850.0,42600.0,43950.0,True
Tovis Co Ltd,051360,2025-06-26,pre,up,0.1552542372881356,17220.0,14970.0,14580.0,15100.0,True
Tokai Carbon Korea Co Ltd,064760,2026-02-03,pre,up,0.1545064377682403,269000.0,221500.0,212000.0,221500.0,True
Sungwoo Hitech Co Ltd,015750,2025-10-16,pre,up,0.1543209876543209,7480.0,6320.0,6090.0,6620.0,True
Motrex Co Ltd,118990,2025-12-26,pre,up,0.1539301310043668,11580.0,10020.0,9800.0,10340.0,True
Pearl Abyss Corp,263750,2026-03-19,pre,up,0.1532608695652174,57000.0,47800.0,46000.0,47900.0,True
Inhwa Precision Co Ltd,101930,2026-05-06,pre,up,0.1525759577278732,19600.0,16880.0,14260.0,16880.0,True
HL Mando Corp,204320,2026-03-10,pre,up,0.1516853932584269,61600.0,53600.0,51100.0,54000.0,True
Chai Communication Co Ltd,351870,2025-12-30,pre,up,0.1514841351074718,5920.0,5200.0,4965.0,5330.0,True
Dear U Co Ltd,376300,2026-03-10,pre,up,0.1513513513513513,44000.0,38450.0,37400.0,40400.0,True
Yunsung F&C Co Ltd,372170,2026-05-13,after,up,0.1499176276771004,38100.0,30100.0,29300.0,30500.0,True
Neptune Co,217270,2025-07-09,after,up,0.1493506493506493,10790.0,9180.0,9040.0,9380.0,True
Dongshin Engineering & Construction,025950,2025-09-11,pre,down,0.149171270718232,13860.0,18500.0,17700.0,18680.0,True
Shinyoung Securities Co Ltd,001720,2026-03-13,pre,down,0.1484184914841849,175000.0,205000.0,203000.0,211500.0,True
Youngpoong Corp,000670,2026-02-09,pre,up,0.1482758620689655,67500.0,59900.0,57100.0,59900.0,True
Youngone Holdings Co Ltd,009970,2026-01-21,pre,up,0.14800655379574,216500.0,190000.0,184100.0,196500.0,True
Mirae Asset Life Insurance Co Ltd,085620,2026-03-06,pre,down,0.1473922902494331,14320.0,15600.0,14110.0,15600.0,False
Sung Kwang Bend Co Ltd,014620,2025-10-15,pre,up,0.1458003169572107,36500.0,31700.0,31500.0,32600.0,True
Foosung Co Ltd,093370,2025-09-30,pre,down,0.1457975986277873,4980.0,5940.0,5800.0,5990.0,True
EcoEye Co Ltd,448280,2025-10-10,pre,up,0.1455331412103746,15900.0,12950.0,12950.0,13240.0,True
Posco International Corp,047050,2025-08-04,pre,down,0.1449893390191897,40100.0,47250.0,46800.0,48000.0,True
Sindoh Co Ltd,029530,2026-04-15,pre,up,0.1447876447876447,59500.0,52500.0,51600.0,53500.0,True
Hanon Systems,018880,2025-10-24,pre,up,0.1446862996158771,3982.68087,3499.13242,3420.00631,3516.716,True
Hanwha Systems Co Ltd,272210,2025-07-09,pre,up,0.1444241316270566,65000.0,57100.0,55300.0,57300.0,True
KT Corp,030200,2025-10-13,pre,up,0.143418467583497,58200.0,49900.0,49300.0,50100.0,True
SyntekaBio Inc,226330,2025-09-02,pre,up,0.1413237924865833,5338.63726,4560.43465,4560.43465,4769.6289,True
Seoul Semiconductor Co Ltd,046890,2026-05-12,pre,up,0.1412661195779601,20200.0,17690.0,15330.0,17700.0,True
Suprema Inc,236200,2026-04-07,after,up,0.1412556053811659,53400.0,43850.0,42850.0,44850.0,True
Inhwa Precision Co Ltd,101930,2026-05-15,pre,up,0.1410459587955626,14400.0,12400.0,11910.0,12500.0,True
Sajodaerim Corp,003960,2025-10-15,pre,up,0.1403940886699507,46800.0,41100.0,38450.0,42200.0,True
Inhwa Precision Co Ltd,101930,2026-05-12,pre,up,0.1403903903903904,15970.0,13360.0,12890.0,13650.0,True
Sapien Semiconductors Inc,452430,2026-04-24,pre,up,0.1402439024390244,57200.0,51000.0,45500.0,51300.0,True
Sindoh Co Ltd,029530,2026-02-05,pre,up,0.1399046104928457,80200.0,71400.0,62000.0,73200.0,True
KNRSystems Inc,199430,2026-01-20,after,down,0.1397174254317111,27400.0,36400.0,32250.0,36500.0,True
Seoul Broadcasting System,034120,2026-03-19,after,up,0.1395486935866983,19400.0,16860.0,16770.0,16950.0,True
CMTX Co Ltd,388210,2026-01-20,after,down,0.1393596986817326,91200.0,108500.0,108000.0,118400.0,True
ISC Co Ltd,095340,2025-06-23,pre,down,0.1378640776699029,44400.0,52000.0,50200.0,52500.0,True
Samhyun Co Ltd,437730,2026-03-05,pre,up,0.1366594360086767,54500.0,46900.0,46900.0,50600.0,True
KMW Co Ltd,032500,2025-12-19,pre,up,0.1365714285714285,19890.0,15580.0,15340.0,15870.0,True
Daou Technology Inc,023590,2026-02-24,after,up,0.1364421416234887,74500.0,60600.0,56200.0,60600.0,True
Lotte Corp,004990,2025-06-27,pre,up,0.1357142857142857,32000.0,28050.0,27600.0,29200.0,True
CJ Freshway Corp,051500,2026-02-06,pre,up,0.1355140186915887,36700.0,32400.0,30100.0,33350.0,True
Shinpoong Pharmaceutical Co Ltd,019170,2025-06-16,after,up,0.1351626016260162,12180.0,10050.0,9810.0,10110.0,True
Daesung Energy Co Ltd,117580,2025-06-24,pre,up,0.1342756183745583,9680.0,8520.0,8420.0,8790.0,True
Youngone Corp,111770,2026-02-26,after,up,0.1342642320085929,107000.0,91900.0,91300.0,95500.0,True
Seoul City Gas Co Ltd,017390,2026-03-03,pre,up,0.1340782122905028,87700.0,78500.0,69100.0,80700.0,True
ITM Semiconductor Co Ltd,084850,2026-04-09,pre,up,0.1340269277845777,18690.0,16280.0,14450.0,16500.0,True
ToolGen Inc,199800,2026-03-30,pre,down,0.1338461538461538,56300.0,67300.0,59900.0,67500.0,True
Hanmi Science Co Ltd,008930,2026-03-05,pre,up,0.13375,45350.0,37450.0,36750.0,39400.0,True
T-Robotics Co Ltd,117730,2026-04-28,pre,up,0.1336405529953917,26400.0,23600.0,22300.0,23700.0,True
Curocell Inc,372320,2026-04-01,pre,up,0.1334586466165413,63400.0,58300.0,49850.0,58300.0,True
Hankook Shell Oil Co Ltd,002960,2025-06-23,pre,up,0.1334056399132321,534000.0,465000.0,454000.0,475500.0,True
NHN Corp,181710,2025-07-08,pre,up,0.1328671328671328,32400.0,28450.0,28100.0,28800.0,True
KZ Precision Corp,036560,2025-12-15,pre,up,0.1327014218009478,17700.0,15500.0,14850.0,15950.0,True
SFA Semicon Co Ltd,036540,2025-09-10,pre,down,0.132564841498559,3010.0,3495.0,3450.0,3535.0,True
Oriental Precision & Engineering Co Ltd,014940,2026-03-11,pre,up,0.1315068493150684,8950.0,7920.0,7470.0,7930.0,True
Binex Co Ltd,053030,2025-08-27,pre,up,0.1314814814814814,18500.0,16260.0,16110.0,16320.0,True
M Eighty Three Co Ltd,476080,2025-06-26,pre,up,0.1313868613138686,17050.0,14810.0,14300.0,14900.0,True
DB Insurance Co Ltd,005830,2026-02-23,pre,up,0.1297709923664122,237000.0,207500.0,200500.0,214000.0,True
Hanall Biopharma Co Ltd,009420,2025-11-03,pre,up,0.1294964028776978,47100.0,41200.0,38500.0,41200.0,True
HeunguOil,024060,2025-07-30,pre,up,0.1291828793774319,14900.0,13190.0,12570.0,13350.0,True
Suprema Inc,236200,2026-05-28,after,up,0.1291079812206572,49800.0,43000.0,41500.0,43300.0,True
KCTech Co Ltd,281820,2026-04-17,after,up,0.128440366972477,66200.0,54500.0,53500.0,55300.0,True
Aekyung Industrial Co Ltd,018250,2025-06-26,pre,up,0.1283158544108575,18770.0,16700.0,16220.0,16950.0,True
Poongsan Holdings Corp,005810,2025-07-09,pre,up,0.1281070745697896,59900.0,54000.0,51500.0,54000.0,True
Ilsung IS Co Ltd,003120,2026-01-14,after,up,0.1280193236714976,23500.0,,,,False
DongBang Medical Co Ltd,240550,2025-09-25,pre,up,0.1279788172992056,12840.0,11300.0,11120.0,11370.0,True
ERCOHS Agricultural Corp Co Ltd,435570,2025-10-17,pre,up,0.127643504531722,15130.0,13560.0,11950.0,13720.0,True
Daesang Holdings Co Ltd,084690,2025-10-15,pre,up,0.1273291925465838,10890.0,9570.0,9200.0,9710.0,True
Daishin Securities Co Ltd,003540,2026-03-09,after,up,0.1273209549071618,44000.0,37100.0,36100.0,38100.0,True
T-Robotics Co Ltd,117730,2026-05-14,pre,up,0.1272727272727272,24800.0,21700.0,20600.0,21900.0,True
ToolGen Inc,199800,2025-10-10,pre,up,0.1271428571428571,78900.0,70100.0,65200.0,72000.0,True
Kakao Games Corp,293490,2026-02-04,after,up,0.1263223397635345,18880.0,16100.0,15800.0,16150.0,True
CJ Freshway Corp,051500,2026-03-05,after,up,0.1260364842454394,34000.0,30100.0,29000.0,30700.0,True
Medipost Co Ltd,078160,2025-09-11,after,up,0.1258223684210526,14500.0,12090.0,11960.0,12350.0,True
Wemade Max Co Ltd,101730,2026-04-20,pre,down,0.1254295532646048,5090.0,6520.0,6520.0,6520.0,True
Novarex Co Ltd,194700,2025-08-11,pre,up,0.1253012048192771,24300.0,21950.0,20550.0,21950.0,True
ToolGen Inc,199800,2026-02-02,pre,up,0.125,67600.0,59500.0,58600.0,63800.0,True
Y Biologics Inc,338840,2025-07-01,after,up,0.1248630887185104,11300.0,9080.0,8880.0,9170.0,True
Lotte Corp,004990,2026-03-09,after,up,0.1245791245791245,35600.0,29800.0,29050.0,30350.0,True
Medy Tox Inc,086900,2025-09-25,pre,up,0.1244979919678714,140000.0,123200.0,122000.0,124000.0,True
Genohco Inc,361390,2025-12-19,pre,up,0.1243589743589743,18570.0,16530.0,16250.0,17530.0,True
Aekyung Industrial Co Ltd,018250,2026-03-20,pre,up,0.1242544731610338,15740.0,14540.0,14440.0,14800.0,True
Hankook Shell Oil Co Ltd,002960,2026-03-06,pre,up,0.1240601503759398,600000.0,530000.0,516000.0,535000.0,True
Kolmar Korea Co Ltd,161890,2025-11-19,pre,down,0.1238095238095238,55200.0,64000.0,63200.0,65500.0,True
Wonik Holdings Co Ltd,030530,2026-01-20,after,down,0.1234567901234567,35500.0,45600.0,41400.0,45650.0,True
SK Chemicals Co Ltd,285130,2025-10-10,pre,down,0.1234567901234567,49700.0,57400.0,57000.0,59000.0,True
Coocon Corp,294570,2025-07-16,pre,down,0.1233595800524934,33400.0,38000.0,36900.0,51400.0,True
Suprema Inc,236200,2026-04-16,pre,up,0.1232032854209445,58700.0,51400.0,50700.0,53200.0,True
UTI Inc,179900,2025-07-16,pre,up,0.1223709369024856,30000.0,26250.0,25700.0,27300.0,True
SNT Motiv Co Ltd,064960,2026-01-28,pre,up,0.1222527472527472,41400.0,36850.0,36150.0,36950.0,True
Youngpoong Corp,000670,2025-12-15,pre,up,0.1210374639769452,80291.2798,70291.2776,60291.2754,71650.5012,True
Maeil Dairies Co Ltd,267980,2025-08-21,after,up,0.1210013908205841,42350.0,35750.0,35600.0,36150.0,True
SeAH Besteel Holdings Corp,001430,2026-01-20,after,down,0.1209439528023598,59600.0,72100.0,70000.0,77100.0,True
Global Tax Free Co Ltd,204620,2025-07-31,after,down,0.1206657420249653,5630.0,6930.0,6850.0,7270.0,True
Rokit Healthcare Inc,376900,2026-01-30,pre,down,0.1201848998459167,56900.0,64400.0,59500.0,64900.0,True
Webzen Inc,069080,2026-01-20,pre,down,0.12,10560.0,12110.0,12070.0,12340.0,True
Konan Technology Inc,402030,2026-05-29,pre,up,0.1198738170347003,20400.0,19230.0,16800.0,19290.0,True
Classys Inc,214150,2025-10-01,pre,up,0.1198428290766208,57000.0,50500.0,49250.0,51400.0,True
Hyundai Department Store Co Ltd,069960,2026-04-20,after,up,0.1196953210010881,109100.0,90700.0,90000.0,92900.0,True
Able C&C Co Ltd,078520,2026-04-27,pre,up,0.1195804195804195,16600.0,14990.0,14530.0,15150.0,True
S&D Co Ltd,260970,2025-07-11,after,up,0.1193737769080234,115200.0,134100.0,128500.0,134300.0,True
DaedongGear,008830,2025-09-19,pre,up,0.1192093885114268,18220.0,16290.0,16230.0,16440.0,True
Humedix Co Ltd,200670,2025-06-05,pre,down,0.1190019193857965,45900.0,53500.0,50000.0,53500.0,True
Hanjin Kal Corp,180640,2026-01-22,pre,up,0.1189393939393939,147700.0,129900.0,128700.0,134700.0,True
Misto Holdings Corp,081660,2025-09-15,after,up,0.1188369152970922,45800.0,40150.0,39450.0,40250.0,True
Lotte Fine Chemical Co Ltd,004000,2026-03-09,pre,up,0.11875,56700.0,51700.0,47000.0,52800.0,True
Yunsung F&C Co Ltd,372170,2025-11-25,pre,up,0.1185410334346504,36800.0,32000.0,30600.0,32000.0,True
Taekwang Industrial Co Ltd,003240,2025-07-01,after,up,0.1183830606352261,1183000.0,990000.0,990000.0,1062000.0,True
Sama Aluminium Co Ltd,006110,2026-04-08,pre,down,0.1178247734138972,29200.0,34450.0,34350.0,43900.0,True
ImmuneOncia Therapeutics Inc,424870,2026-05-13,pre,up,0.117750439367311,6940.0,6340.0,5880.0,6360.0,True
DuChemBio Co Ltd,176750,2026-05-11,pre,up,0.1174568965517241,10900.0,9810.0,8780.0,9810.0,True
I3System Inc,214430,2026-03-09,pre,up,0.1173617846750727,115600.0,99500.0,93500.0,103400.0,True
Voronoi Inc,310210,2026-05-13,pre,up,0.1169064748201438,315000.0,283500.0,255500.0,283500.0,True
Hyundai Green Food Co Ltd,453340,2026-04-20,after,up,0.1168195718654434,19030.0,16260.0,16200.0,16340.0,True
Hankook Shell Oil Co Ltd,002960,2026-03-03,pre,up,0.1167315175097276,660000.0,593000.0,539000.0,604000.0,True
PSK Inc,319660,2025-09-19,pre,up,0.1166666666666666,34950.0,31350.0,30000.0,32200.0,True
Woojin Inc,105840,2026-01-20,after,down,0.1166666666666666,21200.0,22300.0,21100.0,26150.0,False
Yunsung F&C Co Ltd,372170,2026-04-20,pre,up,0.1161387631975867,39950.0,35500.0,34600.0,36200.0,True
Bookook Securities Co Ltd,001270,2026-02-24,pre,down,0.1160220994475138,80000.0,97200.0,91100.0,99400.0,True
Samil Pharmaceutical Co Ltd,000520,2025-06-09,pre,up,0.1157894736842105,13780.0,10950.0,10300.0,11060.0,True
Nextchip Co Ltd,396270,2025-08-13,pre,up,0.1157142857142857,3291.653325,2966.845175,2812.36325,3050.02775,True
Bbia Co Ltd,451250,2025-11-24,pre,down,0.1155261221486387,9500.0,11060.0,10290.0,11150.0,True
HD Hyundai Co Ltd,267250,2025-08-07,pre,up,0.1154992548435171,152000.0,136900.0,135000.0,138000.0,True
Kona I Co Ltd,052400,2026-03-10,pre,up,0.1150159744408945,72000.0,65100.0,64100.0,71000.0,True
Joong Ang Enervis Co Ltd,000440,2025-06-16,pre,down,0.1148936170212766,20800.0,24500.0,20850.0,26250.0,True
Oriental Precision & Engineering Co Ltd,014940,2026-05-20,pre,up,0.1148325358851674,7410.0,6540.0,6160.0,6740.0,True
KolmarBNH Co Ltd,200130,2025-08-21,pre,up,0.1146461876028524,20800.0,19400.0,17090.0,20300.0,True
Biobijou Co Ltd,489460,2025-12-19,pre,up,0.1145985401459854,15500.0,13850.0,13570.0,14180.0,True
Dongshin Engineering & Construction,025950,2025-12-04,pre,up,0.1143009037745879,23250.0,21300.0,20900.0,23250.0,False
Doosan Robotics Inc,454910,2025-11-19,pre,up,0.1134846461949265,84200.0,75600.0,71700.0,75800.0,True
Curocell Inc,372320,2026-03-04,after,down,0.1133333333333333,37600.0,51500.0,46000.0,51500.0,True
SK Innovation Co Ltd,096770,2025-06-30,pre,up,0.1132254995242626,117000.0,107100.0,107000.0,123000.0,False
Hanil Cement Co Ltd,300720,2026-04-24,pre,up,0.1131964809384164,19000.0,17060.0,17000.0,17170.0,True
Youngone Holdings Co Ltd,009970,2026-02-26,after,up,0.1131687242798353,274000.0,247500.0,241500.0,251000.0,True
C&C International Co Ltd,352480,2025-07-07,pre,up,0.1128133704735376,39950.0,35550.0,35150.0,39300.0,True
Tongyang Life Insurance Co Ltd,082640,2025-07-04,after,up,0.112781954887218,7400.0,6820.0,6580.0,6820.0,True
Gamsung Corporation Co Ltd,036620,2025-07-11,pre,down,0.1125198098256735,5600.0,6400.0,6210.0,6470.0,True
Korea Investment Holdings Co Ltd,071050,2026-03-09,pre,down,0.1122549019607843,181100.0,208500.0,206000.0,219500.0,True
Neuromeka Co Ltd,348340,2025-11-06,pre,up,0.1121495327102803,36500.0,33100.0,29700.0,33150.0,True
T&L Co Ltd,340570,2025-07-09,pre,up,0.1120263591433278,67500.0,60300.0,58900.0,60900.0,True
Samhyun Co Ltd,437730,2026-04-02,pre,up,0.112,62400.0,55500.0,48800.0,55900.0,True
Inhwa Precision Co Ltd,101930,2026-05-06,after,up,0.1118881118881118,16470.0,16880.0,14260.0,16880.0,False
Daesang Holdings Co Ltd,084690,2026-01-09,pre,up,0.1117256637168141,11570.0,10510.0,9310.0,10680.0,True
Korea Airport Service Co Ltd,005430,2025-07-10,after,up,0.1114754098360655,67900.0,55200.0,55200.0,61000.0,True
OCI Co Ltd,456040,2025-09-24,after,up,0.1113043478260869,64500.0,58200.0,56600.0,58200.0,True
Shinsung Delta Tech Co Ltd,065350,2025-07-03,pre,up,0.1112737920937042,76800.0,69700.0,66600.0,69700.0,True
Hanwha General Insurance Co Ltd,000370,2025-07-24,pre,down,0.110939907550077,5770.0,6540.0,6270.0,6580.0,True
Daeduck Co Ltd,008060,2026-03-09,after,up,0.1108333333333333,14000.0,11380.0,11000.0,11570.0,True
HanJungNCS Co Ltd,107640,2026-03-03,pre,down,0.1107142857142857,48000.0,55100.0,50000.0,55100.0,True
TC Materials Co Ltd,125020,2025-12-09,pre,down,0.110576923076923,3080.0,3500.0,3280.0,3520.0,True
Youngone Holdings Co Ltd,009970,2025-11-07,pre,up,0.1104938271604938,199900.0,164000.0,143000.0,174500.0,True
Daewoong Pharma,069620,2026-05-07,after,up,0.1104933981931897,164800.0,144700.0,143000.0,146900.0,True
TYM Corp,002900,2025-08-21,pre,down,0.1103896103896103,5420.0,6110.0,5930.0,6290.0,True
Openedges Technology Inc,394280,2026-03-30,after,up,0.1099877450980392,18440.0,16610.0,16120.0,16660.0,True
AhnLab Inc,053800,2026-04-16,pre,up,0.1095890410958904,84000.0,74900.0,68100.0,75000.0,True
NanoTim Co Ltd,417010,2025-12-17,pre,up,0.1095305832147937,7800.0,6800.0,5820.0,6870.0,True
CJ CGV Co Ltd,079160,2025-07-23,pre,up,0.109375,5950.0,5300.0,5030.0,5380.0,True
KZ Precision Corp,036560,2025-10-13,pre,up,0.1091549295774647,17490.0,15810.0,14300.0,17300.0,True
Jeju Semiconductor Corp,080220,2025-10-10,pre,down,0.1088560885608856,21050.0,24000.0,22300.0,24100.0,True
Simmtech Co Ltd,222800,2026-03-31,pre,down,0.1088495575221239,43200.0,49500.0,47050.0,50500.0,True
Korea Electric Power Corp,015760,2025-10-02,pre,down,0.1087570621468926,31550.0,35750.0,34950.0,35900.0,True
Sapien Semiconductors Inc,452430,2026-04-07,after,up,0.1086206896551724,34000.0,30500.0,28400.0,30500.0,True
Sunjin Beauty Science Co Ltd,086710,2025-11-21,pre,up,0.1086021505376344,10830.0,9750.0,9110.0,9750.0,True
Doosan Tesna Inc,131970,2026-04-07,pre,up,0.1085192697768762,110000.0,98700.0,89800.0,99000.0,True
Pemtron Corp,168360,2025-11-20,pre,up,0.1084210526315789,22050.0,19800.0,18660.0,20150.0,True
Solus Advanced Materials Co Ltd,336370,2026-03-11,pre,down,0.1084043848964677,7320.0,8280.0,8130.0,8560.0,True
GwangjuShinsegae Co Ltd,037710,2026-02-11,after,up,0.1082621082621082,41000.0,34850.0,34650.0,35150.0,True
SeAH Besteel Holdings Corp,001430,2025-12-12,pre,up,0.1082251082251082,43550.0,39600.0,39550.0,44750.0,False
Wemade Max Co Ltd,101730,2026-04-21,pre,up,0.108,8470.0,7530.0,6560.0,7540.0,True
Sapien Semiconductors Inc,452430,2026-03-05,pre,up,0.107981220657277,35400.0,29850.0,29500.0,32500.0,True
Dentium Co Ltd,145720,2026-03-03,after,up,0.1078028747433264,54700.0,49100.0,48700.0,50300.0,True
Seah Steel Holdings Corp,003030,2026-03-23,pre,up,0.1077694235588972,230000.0,204500.0,187300.0,210500.0,True
Wemade Max Co Ltd,101730,2025-06-24,pre,up,0.107754279959718,11000.0,9400.0,8740.0,10450.0,True
Joong Ang Enervis Co Ltd,000440,2025-06-18,pre,up,0.1076233183856502,25000.0,22350.0,20250.0,22400.0,True
SFA Semicon Co Ltd,036540,2025-11-12,pre,up,0.1075268817204301,5150.0,4550.0,4410.0,4730.0,True
Cosmecca Korea Co Ltd,241710,2025-08-11,after,up,0.107484076433121,77400.0,66700.0,61100.0,66700.0,True
Smart Radar System Inc,424960,2025-09-02,after,up,0.1071863580998782,10150.0,8080.0,8000.0,8200.0,True
Korea Information & Communications Co Ltd,025770,2025-06-20,pre,down,0.1070402298850574,11120.0,12720.0,10920.0,13610.0,False
VT Co Ltd,018290,2025-07-31,pre,up,0.106578947368421,42100.0,38000.0,35950.0,38050.0,True
Sphere Corp,347700,2025-12-09,pre,up,0.1065759637188208,10020.0,8920.0,8220.0,8930.0,True
Hanyang Securities Co Ltd,001750,2025-06-11,after,up,0.1064891846921797,20600.0,17500.0,17130.0,18470.0,True
LX Semicon Co Ltd,108320,2025-07-07,pre,down,0.1064467766116941,59000.0,65800.0,63000.0,65800.0,True
Samhyun Co Ltd,437730,2026-01-20,after,down,0.1063515509601181,60500.0,75700.0,67700.0,76300.0,True
Sindoh Co Ltd,029530,2026-03-11,after,up,0.1063063063063063,63500.0,54200.0,53900.0,57700.0,True
Chokwang Leather Co Ltd,004700,2026-02-02,pre,up,0.1062937062937063,86100.0,76700.0,71500.0,77000.0,True
Posco DX Co Ltd,022100,2025-07-01,pre,up,0.1061224489795918,27100.0,24150.0,23900.0,24750.0,True
BYC Co Ltd,001460,2026-03-27,after,up,0.106,58300.0,46900.0,46250.0,51500.0,True
Solus Advanced Materials Co Ltd,336370,2025-07-14,pre,down,0.1058139534883721,7690.0,8670.0,8300.0,8680.0,True
Kolon Corp,002020,2026-03-06,after,up,0.1057046979865771,69600.0,56500.0,55000.0,59300.0,True
Sebang Global Battery Co Ltd,004490,2025-06-23,pre,down,0.1056547619047619,60100.0,67900.0,65900.0,68000.0,True
SoulBrain Co Ltd,357780,2026-01-29,pre,up,0.1056422569027611,489500.0,440500.0,392000.0,453500.0,True
SoCar Inc,403550,2026-05-28,pre,up,0.1055944055944056,17000.0,15300.0,13630.0,15560.0,True
GiantStep Inc,289220,2025-09-09,pre,up,0.105177993527508,7070.0,6290.0,6150.0,6480.0,True
Korea Electronic Power Industrial Development Co Ltd,130660,2025-08-25,pre,up,0.1051401869158878,14950.0,13530.0,13180.0,13770.0,True
HLB Pharmaceutical Co Ltd,047920,2026-01-26,pre,up,0.105,24250.0,22250.0,19190.0,22250.0,True
Dong-A ST Co Ltd,170900,2025-11-10,after,up,0.1048543689320388,58380.9553,48571.431,47809.5262,49428.5739,True
Hyundai Rotem Co,064350,2026-03-04,pre,down,0.1048543689320388,230500.0,260500.0,200500.0,269000.0,False
EcoEye Co Ltd,448280,2026-04-24,pre,up,0.1047957371225577,13900.0,13440.0,11900.0,14000.0,False
GS Retail Co Ltd,007070,2026-05-07,pre,down,0.1046770601336302,20000.0,22300.0,21650.0,24450.0,True
NHN Corp,181710,2026-05-12,pre,up,0.1043478260869565,44800.0,40650.0,37100.0,41200.0,True
F&F Co Ltd,383220,2025-11-10,after,up,0.1041009463722397,73500.0,61800.0,61200.0,64200.0,True
Shinsung ST Co Ltd,416180,2025-10-17,after,down,0.104052573932092,40250.0,47000.0,46300.0,48850.0,True
Samhyun Co Ltd,437730,2026-05-28,pre,down,0.1039603960396039,52100.0,58400.0,50300.0,58400.0,False
Koses Co Ltd,089890,2026-01-07,pre,down,0.1036717062634989,20750.0,24000.0,20950.0,24000.0,True
Dong Suh Companies Inc,026960,2026-04-21,after,up,0.1035120147874306,30000.0,27450.0,26800.0,27500.0,True
Chunbo Co Ltd,278280,2025-07-18,after,up,0.1034897713598074,48600.0,40700.0,40300.0,41950.0,True
KZ Precision Corp,036560,2025-12-16,pre,up,0.1031645569620253,18750.0,16800.0,15370.0,16840.0,True
Protec Co Ltd,053610,2026-05-19,pre,up,0.1031487513572204,104200.0,94000.0,88600.0,95000.0,True
Lotte Energy Materials Corp,020150,2025-06-23,pre,down,0.1031390134529148,20000.0,22600.0,21950.0,22650.0,True
Nota Inc,486990,2026-05-27,after,up,0.1029962546816479,37000.0,28550.0,26550.0,28600.0,True
I Scream Media Co Ltd,461300,2025-11-06,pre,up,0.1029411764705882,20250.0,17080.0,16860.0,17340.0,True
Hyundai Glovis Co Ltd,086280,2026-01-08,pre,up,0.102803738317757,255000.0,233500.0,217000.0,234000.0,True
FutureChem Co Ltd,220100,2026-05-04,pre,up,0.1022604951560818,23300.0,22600.0,20175.0,22900.0,True
CJ CGV Co Ltd,079160,2025-06-20,pre,up,0.1022044088176352,6120.0,5430.0,5220.0,5580.0,True
MCNex Co Ltd,097520,2025-09-25,pre,down,0.102112676056338,25500.0,28900.0,27900.0,28900.0,True
Maum AI Inc,377480,2025-10-02,pre,up,0.1019607843137254,28500.0,25800.0,24050.0,25900.0,True
Sajo Sea Food Co Ltd,014710,2025-12-12,pre,up,0.1019473081328751,10200.0,9140.0,8480.0,9200.0,True
GS P&L Co Ltd,499790,2026-04-13,pre,down,0.1019473081328751,39200.0,43750.0,43250.0,45350.0,True
SGC Energy Co Ltd,005090,2026-03-25,pre,up,0.1018237082066869,73700.0,68200.0,60900.0,68300.0,True
Cape Industries Ltd,064820,2026-03-16,pre,up,0.1016949152542373,13000.0,11470.0,10860.0,11540.0,True
SAMG Entertainment Co Ltd,419530,2026-03-25,pre,up,0.1014705882352941,38000.0,34400.0,34350.0,35400.0,True
Seoul Guarantee Insurance Co,031210,2025-07-11,after,up,0.1014332965821389,54000.0,43950.0,43950.0,45350.0,True
Curiox BioSystems Co Ltd,445680,2026-01-20,after,down,0.1012433392539964,100000.0,111800.0,110800.0,121300.0,True
Kolon Global Corp,003070,2025-06-25,after,up,0.1011122345803842,11590.0,9670.0,9600.0,9990.0,True
Hanwha Solutions Corp,009830,2025-06-17,pre,down,0.1009681881051175,32000.0,34400.0,32500.0,34850.0,True
Korea District Heating Corp,071320,2026-01-21,pre,up,0.1009174311926605,120000.0,110200.0,107200.0,111900.0,True
GemVax & KAEL Co Ltd,082270,2025-11-10,pre,up,0.1007853403141361,45950.0,42200.0,38200.0,43250.0,True
KT&G Corp,033780,2026-03-09,pre,down,0.1006666666666666,134900.0,152500.0,148000.0,156500.0,True
Seoul Semiconductor Co Ltd,046890,2025-07-14,after,up,0.1005747126436781,8180.0,7060.0,6930.0,7060.0,True
SK Oceanplant Co Ltd,100090,2025-07-11,pre,up,0.1004784688995215,23000.0,20800.0,20550.0,21350.0,True
PIM Korea Co Ltd,448900,2026-01-13,pre,up,0.100418410041841,86400.0,77900.0,73500.0,81500.0,True
Wonik IPS Co Ltd,240810,2026-01-20,after,down,0.100418410041841,64500.0,75800.0,72900.0,76000.0,True
DB Securities Co,016610,2026-02-19,pre,up,0.1002604166666666,19590.0,17320.0,16420.0,18210.0,True
HVM Co Ltd,295310,2026-01-20,after,down,0.1002415458937198,74500.0,78300.0,77200.0,93000.0,True
Qurient Co Ltd,115180,2026-05-22,pre,down,0.1001821493624772,24700.0,27900.0,27900.0,30200.0,True
VitzroCell Co Ltd,082920,2026-01-08,pre,up,0.1001540832049306,22400.0,20250.0,19290.0,20500.0,True
Hyundai Bioscience Co Ltd,048410,2025-07-24,pre,up,0.1001251564455569,4395.0,7590.0,6770.0,7720.0,True
WeMade Co Ltd,112040,2025-06-17,pre,up,0.1,36000.0,32850.0,31500.0,33050.0,True
HD Construction Equipment Co Ltd,267270,2025-08-06,pre,up,0.1,110000.0,99500.0,97200.0,100000.0,True
JLK Inc,322510,2025-11-04,pre,down,0.1,4500.0,5560.0,5260.0,5600.0,True
SK Hynix Inc,000660,2026-04-08,pre,up,0.1,1100000.0,1007000.0,992000.0,1056000.0,True
