RIC,DTSubjectName,ExchangeCode,ExchangeName,RCSTRBC2012Leaf,RCSAssetCategoryLeaf,AssetState,code6
000660.KNT,SK Hynix Inc,KNT,NEXTRADE,Semiconductors (NEC),Ordinary Share,AC,000660
005930.KNT,Samsung Electronics Co Ltd,KNT,NEXTRADE,Phones & Handheld Devices (NEC),Ordinary Share,AC,005930
006220.KNT,Jeju Bank,KNT,NEXTRADE,Corporate Banks,Ordinary Share,AC,006220
180640.KNT,Hanjin Kal Corp,KNT,NEXTRADE,Courier Services,Ordinary Share,AC,180640
005380.KNT,Hyundai Motor Co,KNT,NEXTRADE,Auto & Truck Manufacturers (NEC),Ordinary Share,AC,005380
174900.KNT,AbClon Inc,KNT,NEXTRADE,Biopharmaceuticals,Ordinary Share,AC,174900
103140.KNT,Poongsan Corp,KNT,NEXTRADE,Specialty Mining & Metals (NEC),Ordinary Share,AC,103140
006800.KNT,Mirae Asset Securities Co Ltd,KNT,NEXTRADE,Investment Banking,Ordinary Share,AC,006800
000270.KNT,Kia Corp,KNT,NEXTRADE,Automobiles & Multi Utility Vehicles,Ordinary Share,AC,000270
033790.KNT,Fino Inc,KNT,NEXTRADE,Specialty Chemicals (NEC),Ordinary Share,AC,033790
005490.KNT,Posco Holdings Inc,KNT,NEXTRADE,Iron & Steel (NEC),Ordinary Share,AC,005490
298040.KNT,Hyosung Heavy Industries Corp,KNT,NEXTRADE,Heavy Electrical Equipment (NEC),Ordinary Share,AC,298040
064350.KNT,Hyundai Rotem Co,KNT,NEXTRADE,Locomotive Engines & Rolling Stock,Ordinary Share,AC,064350
004370.KNT,Nongshim Co Ltd,KNT,NEXTRADE,Ready-Made Meals,Ordinary Share,AC,004370
072710.KNT,Nongshim Holdings Co Ltd,KNT,NEXTRADE,Food Processing (NEC),Ordinary Share,AC,072710
348210.KNT,Nextin Inc,KNT,NEXTRADE,Semiconductor Equipment & Testing (NEC),Ordinary Share,AC,348210
161390.KNT,Hankook Tire & Technology Co Ltd,KNT,NEXTRADE,Tire & Tube Manufacturers,Ordinary Share,AC,161390
000810.KNT,Samsung Fire & Marine Insurance Co Ltd,KNT,NEXTRADE,Property & Casualty Insurance (NEC),Ordinary Share,AC,000810
045660.KNT,Atec Co Ltd,KNT,NEXTRADE,Computer Hardware (NEC),Ordinary Share,AC,045660
003570.KNT,SNT Dynamics Co Ltd,KNT,NEXTRADE,"Auto, Truck & Motorcycle Parts (NEC)",Ordinary Share,AC,003570
161580.KNT,Philoptics Co Ltd,KNT,NEXTRADE,Semiconductors (NEC),Ordinary Share,AC,161580
450080.KNT,EcoPro Materials Co Ltd,KNT,NEXTRADE,Commodity Chemicals (NEC),Ordinary Share,AC,450080
006040.KNT,Dongwon Industries Co Ltd,KNT,NEXTRADE,Seafood Product Preparation & Packaging,Ordinary Share,AC,006040
029460.KNT,KC Co Ltd,KNT,NEXTRADE,Industrial Machinery & Equipment (NEC),Ordinary Share,AC,029460
228670.KNT,Ray Co Ltd,KNT,NEXTRADE,Medical Imaging Systems,Ordinary Share,AC,228670
009450.KNT,Kyung Dong Navien Co Ltd,KNT,NEXTRADE,"Heating, Ventilation & Air Conditioning Systems",Ordinary Share,AC,009450
112290.KNT,YCChem Co Ltd,KNT,NEXTRADE,Specialty Chemicals (NEC),Ordinary Share,AC,112290
017940.KNT,E1 Corp,KNT,NEXTRADE,Petroleum Product Wholesale,Ordinary Share,AC,017940
047310.KNT,PowerLogics Co Ltd,KNT,NEXTRADE,Electronic Components,Ordinary Share,AC,047310
126340.KNT,VinaTech Co Ltd,KNT,NEXTRADE,Electronic Components,Ordinary Share,AC,126340
451250.KNT,Bbia Co Ltd,KNT,NEXTRADE,Cosmetics & Perfumes,Ordinary Share,AC,451250
418470.KNT,KT Millie Seojae Co Ltd,KNT,NEXTRADE,Digital Publishing,Ordinary Share,AC,418470
382150.KNT,OnCoCross Co Ltd,KNT,NEXTRADE,Biotechnology & Medical Research (NEC),Ordinary Share,AC,382150
000080.KNT,HiteJinro Co Ltd,KNT,NEXTRADE,Distillers & Wineries (NEC),Ordinary Share,AC,000080
141080.KNT,LigaChem Biosciences Inc,KNT,NEXTRADE,Bio Therapeutic Drugs,Ordinary Share,AC,141080
315640.KNT,DeepNoid Inc,KNT,NEXTRADE,Machine Learning & Artificial Intelligence (AI) Services,Ordinary Share,AC,315640
095660.KNT,Neowiz,KNT,NEXTRADE,Internet Gaming,Ordinary Share,AC,095660
020120.KNT,KidariStudio Inc,KNT,NEXTRADE,Online Services (NEC),Ordinary Share,AC,020120
439260.KNT,Daehan Shipbuilding Co Ltd,KNT,NEXTRADE,Shipbuilding (NEC),Ordinary Share,AC,439260
000880.KNT,Hanwha Corp,KNT,NEXTRADE,Life & Health Insurance (NEC),Ordinary Share,AC,000880
095500.KNT,MNtech Co Ltd,KNT,NEXTRADE,Display Screens,Ordinary Share,AC,095500
084110.KNT,Huons Global Co Ltd,KNT,NEXTRADE,Proprietary & Advanced Pharmaceuticals,Ordinary Share,AC,084110
420770.KNT,GigaVis Co Ltd,KNT,NEXTRADE,Semiconductor Machinery Manufacturing,Ordinary Share,AC,420770
065710.KNT,Seoho Electric Co Ltd,KNT,NEXTRADE,Construction Machinery,Ordinary Share,AC,065710
030000.KNT,Cheil Worldwide Inc,KNT,NEXTRADE,Advertising & Marketing (NEC),Ordinary Share,AC,030000
226590.KNT,MDevice Co Ltd,KNT,NEXTRADE,Integrated Circuits,Ordinary Share,AC,226590
036460.KNT,Korea Gas Corp,KNT,NEXTRADE,Natural Gas Utilities (NEC),Ordinary Share,AC,036460
396270.KNT,Nextchip Co Ltd,KNT,NEXTRADE,Semiconductors (NEC),Ordinary Share,AC,396270
000320.KNT,Noroo Holdings Co Ltd,KNT,NEXTRADE,Paints & Coatings,Ordinary Share,AC,000320
053080.KNT,K Ensol Co Ltd,KNT,NEXTRADE,Environmental Services & Equipment (NEC),Ordinary Share,AC,053080
295310.KNT,HVM Co Ltd,KNT,NEXTRADE,Nonferrous Metal Processing,Ordinary Share,AC,295310
032350.KNT,Lotte Tour Development Co Ltd,KNT,NEXTRADE,Travel Agents,Ordinary Share,AC,032350
017670.KNT,SK Telecom Co Ltd,KNT,NEXTRADE,Wireless Telecommunications Services (NEC),Ordinary Share,AC,017670
234690.KNT,GC Wellbeing Corp,KNT,NEXTRADE,Food Processing (NEC),Ordinary Share,AC,234690
125490.KNT,HallaCast Co Ltd,KNT,NEXTRADE,Nonferrous Metal Processing,Ordinary Share,AC,125490
003620.KNT,KG Mobility Corp,KNT,NEXTRADE,Automobiles & Multi Utility Vehicles,Ordinary Share,AC,003620
336260.KNT,Doosan Fuel Cell Co Ltd,KNT,NEXTRADE,Stationary Fuel Cells,Ordinary Share,AC,336260
025900.KNT,Dongwha Enterprise Co Ltd,KNT,NEXTRADE,Wood Products,Ordinary Share,AC,025900
112610.KNT,CS Wind Corp,KNT,NEXTRADE,Wind Systems & Equipment,Ordinary Share,AC,112610
078140.KNT,DaebongLS Co Ltd,KNT,NEXTRADE,Pharmaceuticals (NEC),Ordinary Share,AC,078140
032620.KNT,GC MediAI Corp,KNT,NEXTRADE,Enterprise Software,Ordinary Share,AC,032620
002020.KNT,Kolon Corp,KNT,NEXTRADE,New Car Dealers,Ordinary Share,AC,002020
300080.KNT,Flitto Inc,KNT,NEXTRADE,Software (NEC),Ordinary Share,AC,300080
475960.KNT,Tomocube Inc,KNT,NEXTRADE,Medical Diagnostic & Testing Equipment,Ordinary Share,AC,475960
097230.KNT,HJ ShipBuilding & Construction Co Ltd,KNT,NEXTRADE,Construction & Engineering (NEC),Ordinary Share,AC,097230
000670.KNT,Youngpoong Corp,KNT,NEXTRADE,Integrated Circuits,Ordinary Share,AC,000670
425420.KNT,TFE Co Ltd,KNT,NEXTRADE,Semiconductors (NEC),Ordinary Share,AC,425420
045390.KNT,Daea TI Co Ltd,KNT,NEXTRADE,Technology Consulting & Outsourcing Services,Ordinary Share,AC,045390
214260.KNT,Raphas Co Ltd,KNT,NEXTRADE,Cosmetics & Perfumes,Ordinary Share,AC,214260
425040.KNT,TEMC Co Ltd,KNT,NEXTRADE,Industrial Gases,Ordinary Share,AC,425040
081180.KNT,SEC Co Ltd,KNT,NEXTRADE,Semiconductor Testing Equipment & Service,Ordinary Share,AC,081180
001530.KNT,DI Dong Il Corp,KNT,NEXTRADE,Natural Fabrics,Ordinary Share,AC,001530
476080.KNT,M Eighty Three Co Ltd,KNT,NEXTRADE,Entertainment Production (NEC),Ordinary Share,AC,476080
098070.KNT,HanTech Ltd,KNT,NEXTRADE,Industrial Machinery,Ordinary Share,AC,098070
281820.KNT,KCTech Co Ltd,KNT,NEXTRADE,Semiconductor Machinery Manufacturing,Ordinary Share,AC,281820
085670.KNT,NewFlex Technology Co Ltd,KNT,NEXTRADE,Integrated Circuits,Ordinary Share,AC,085670
025820.KNT,Leeku Industrial Co Ltd,KNT,NEXTRADE,Nonferrous Metal Processing,Ordinary Share,AC,025820
290650.KNT,L&C Bio Co Ltd,KNT,NEXTRADE,Medical Devices & Implants,Ordinary Share,AC,290650
001430.KNT,SeAH Besteel Holdings Corp,KNT,NEXTRADE,Iron & Steel (NEC),Ordinary Share,AC,001430
005500.KNT,Samjin Pharmaceutical Co Ltd,KNT,NEXTRADE,Generic Pharmaceuticals,Ordinary Share,AC,005500
005610.KNT,Samlip Co Ltd,KNT,NEXTRADE,Food Wholesale,Ordinary Share,AC,005610
326030.KNT,SK Biopharmaceuticals Co Ltd,KNT,NEXTRADE,Proprietary & Advanced Pharmaceuticals,Ordinary Share,AC,326030
034950.KNT,Korea Ratings Corp,KNT,NEXTRADE,Rating Agencies,Ordinary Share,AC,034950
034220.KNT,LG Display Co Ltd,KNT,NEXTRADE,Display Screens,Ordinary Share,AC,034220
069620.KNT,Daewoong Pharma,KNT,NEXTRADE,Generic Pharmaceuticals,Ordinary Share,AC,069620
065350.KNT,Shinsung Delta Tech Co Ltd,KNT,NEXTRADE,Household Appliances,Ordinary Share,AC,065350
010140.KNT,Samsung Heavy Industries Co Ltd,KNT,NEXTRADE,Shipbuilding (NEC),Ordinary Share,AC,010140
168360.KNT,Pemtron Corp,KNT,NEXTRADE,Semiconductor Testing Equipment & Service,Ordinary Share,AC,168360
388050.KNT,G2Power Co Ltd,KNT,NEXTRADE,Switchgear,Ordinary Share,AC,388050
011390.KNT,Busan Industrial Co Ltd,KNT,NEXTRADE,Cement & Concrete Manufacturing,Ordinary Share,AC,011390
178920.KNT,PI Advanced Materials Co Ltd,KNT,NEXTRADE,Plastics,Ordinary Share,AC,178920
056080.KNT,Yujin Robot Co Ltd,KNT,NEXTRADE,Advanced Electronic Equipment,Ordinary Share,AC,056080
009680.KNT,Motonic Corp,KNT,NEXTRADE,"Auto, Truck & Motorcycle Parts (NEC)",Ordinary Share,AC,009680
003380.KNT,Harim Holdings Co Ltd,KNT,NEXTRADE,Meat Processing,Ordinary Share,AC,003380
383220.KNT,F&F Co Ltd,KNT,NEXTRADE,Apparel & Accessories (NEC),Ordinary Share,AC,383220
011760.KNT,Hyundai Corp,KNT,NEXTRADE,Diversified Industrial Goods Wholesale,Ordinary Share,AC,011760
018290.KNT,VT Co Ltd,KNT,NEXTRADE,Cosmetics & Perfumes,Ordinary Share,AC,018290
013030.KNT,HY-Lok Corp,KNT,NEXTRADE,Industrial Machinery & Equipment (NEC),Ordinary Share,AC,013030
206640.KNT,Boditech Med Inc,KNT,NEXTRADE,Medical Diagnostic & Testing Equipment,Ordinary Share,AC,206640
462350.KNT,Innospace Co Ltd,KNT,NEXTRADE,Satellite Design & Manufacture,Ordinary Share,AC,462350
016380.KNT,KG DongbuSteel Co Ltd,KNT,NEXTRADE,Iron & Steel (NEC),Ordinary Share,AC,016380
354320.KNT,Almac Co Ltd,KNT,NEXTRADE,"Auto, Truck & Motorcycle Parts (NEC)",Ordinary Share,AC,354320
019170.KNT,Shinpoong Pharmaceutical Co Ltd,KNT,NEXTRADE,Generic Pharmaceuticals,Ordinary Share,AC,019170
103590.KNT,Iljin Electric Co Ltd,KNT,NEXTRADE,Wires & Cables,Ordinary Share,AC,103590
474170.KNT,Lumir Inc,KNT,NEXTRADE,Satellite Design & Manufacture,Ordinary Share,AC,474170
322510.KNT,JLK Inc,KNT,NEXTRADE,Advanced Medical Equipment & Technology (NEC),Ordinary Share,AC,322510
010780.KNT,IS Dongseo Co Ltd,KNT,NEXTRADE,Construction & Engineering (NEC),Ordinary Share,AC,010780
203650.KNT,Dream Security Co Ltd,KNT,NEXTRADE,Internet Security & Transactions Services,Ordinary Share,AC,203650
086820.KNT,Bio Solution Co Ltd,KNT,NEXTRADE,Biopharmaceuticals,Ordinary Share,AC,086820
000250.KNT,Sam Chun Dang Pharm Co Ltd,KNT,NEXTRADE,Generic Pharmaceuticals,Ordinary Share,AC,000250
079550.KNT,LIG Defense & Aerospace Co Ltd,KNT,NEXTRADE,Aerospace & Defense (NEC),Ordinary Share,AC,079550
007860.KNT,Seoyon Co Ltd,KNT,NEXTRADE,Automotive Accessories,Ordinary Share,AC,007860
389020.KNT,Zaram Technology Inc,KNT,NEXTRADE,Semiconductors (NEC),Ordinary Share,AC,389020
267260.KNT,HD Hyundai Electric Co Ltd,KNT,NEXTRADE,Electrical Components & Equipment (NEC),Ordinary Share,AC,267260
026960.KNT,Dong Suh Companies Inc,KNT,NEXTRADE,Food Processing (NEC),Ordinary Share,AC,026960
032830.KNT,Samsung Life Insurance Co Ltd,KNT,NEXTRADE,Life & Health Insurance (NEC),Ordinary Share,AC,032830
067310.KNT,Hana Micron Inc,KNT,NEXTRADE,Semiconductors (NEC),Ordinary Share,AC,067310
130660.KNT,Korea Electronic Power Industrial Development Co Ltd,KNT,NEXTRADE,Maintenance & Repair Services,Ordinary Share,AC,130660
008060.KNT,Daeduck Co Ltd,KNT,NEXTRADE,Integrated Circuits,Ordinary Share,AC,008060
053800.KNT,AhnLab Inc,KNT,NEXTRADE,Application Software,Ordinary Share,AC,053800
001740.KNT,SK Networks Co Ltd,KNT,NEXTRADE,Phones & Handheld Devices (NEC),Ordinary Share,AC,001740
035080.KNT,Gradiant Corp,KNT,NEXTRADE,Internet & Mail Order Department Stores,Ordinary Share,AC,035080
003230.KNT,Samyang Foods Inc,KNT,NEXTRADE,"Cookie, Cracker & Pasta Manufacturing",Ordinary Share,AC,003230
377740.KNT,BioNote Inc,KNT,NEXTRADE,In-Vivo Diagnostic & Testing Substances,Ordinary Share,AC,377740
268280.KNT,Miwon Specialty Chemical Co Ltd,KNT,NEXTRADE,Specialty Chemicals (NEC),Ordinary Share,AC,268280
008770.KNT,Hotel Shilla Co Ltd,KNT,NEXTRADE,Duty Free Shops,Ordinary Share,AC,008770
031980.KNT,PSK Holdings Inc,KNT,NEXTRADE,Semiconductor Machinery Manufacturing,Ordinary Share,AC,031980
086450.KNT,Dongkook Pharmaceutical Co Ltd,KNT,NEXTRADE,Pharmaceuticals (NEC),Ordinary Share,AC,086450
071320.KNT,Korea District Heating Corp,KNT,NEXTRADE,Fossil Fuel Electric Utilities,Ordinary Share,AC,071320
014940.KNT,Oriental Precision & Engineering Co Ltd,KNT,NEXTRADE,Ship Parts Manufacturers,Ordinary Share,AC,014940
213420.KNT,Duk San Neolux Co Ltd,KNT,NEXTRADE,Specialty Chemicals (NEC),Ordinary Share,AC,213420
034310.KNT,Nice Holdings Co Ltd,KNT,NEXTRADE,Point of Sale Systems,Ordinary Share,AC,034310
432470.KNT,KNS Co Ltd,KNT,NEXTRADE,Industrial Machinery & Equipment (NEC),Ordinary Share,AC,432470
090360.KNT,Robostar Co Ltd,KNT,NEXTRADE,Industrial Machinery,Ordinary Share,AC,090360
304360.KNT,S Biomedics Co Ltd,KNT,NEXTRADE,Biopharmaceuticals,Ordinary Share,AC,304360
042700.KNT,Hanmi Semiconductor Co Ltd,KNT,NEXTRADE,Semiconductor Machinery Manufacturing,Ordinary Share,AC,042700
377480.KNT,Maum AI Inc,KNT,NEXTRADE,Online Services (NEC),Ordinary Share,AC,377480
002030.KNT,Asia Holdings Co Ltd,KNT,NEXTRADE,Paper Mills & Products,Ordinary Share,AC,002030
105630.KNT,Hansae Co Ltd,KNT,NEXTRADE,Knitwear,Ordinary Share,AC,105630
124500.KNT,ITCenGlobal Co Ltd,KNT,NEXTRADE,IT Services & Consulting (NEC),Ordinary Share,AC,124500
005830.KNT,DB Insurance Co Ltd,KNT,NEXTRADE,Property & Casualty Insurance (NEC),Ordinary Share,AC,005830
319400.KNT,Huyndai Movex Co Ltd,KNT,NEXTRADE,Industrial Machinery & Equipment (NEC),Ordinary Share,AC,319400
073010.KNT,KSP Co Ltd,KNT,NEXTRADE,Industrial Components,Ordinary Share,AC,073010
033160.KNT,MK Electron Co Ltd,KNT,NEXTRADE,Semiconductors (NEC),Ordinary Share,AC,033160
003000.KNT,Bukwang Pharm Co Ltd,KNT,NEXTRADE,Generic Pharmaceuticals,Ordinary Share,AC,003000
077970.KNT,STX Engine Co Ltd,KNT,NEXTRADE,Ship Parts Manufacturers,Ordinary Share,AC,077970
031430.KNT,Shinsegae International Inc,KNT,NEXTRADE,Apparel & Accessories Retailers (NEC),Ordinary Share,AC,031430
237690.KNT,ST Pharm Co Ltd,KNT,NEXTRADE,Pharmaceuticals (NEC),Ordinary Share,AC,237690
024060.KNT,HeunguOil,KNT,NEXTRADE,Petroleum Product Wholesale,Ordinary Share,AC,024060
215000.KNT,Golfzon Co Ltd,KNT,NEXTRADE,Recreational Products (NEC),Ordinary Share,AC,215000
101160.KNT,Worldex Industry & Trading Co Ltd,KNT,NEXTRADE,Semiconductors (NEC),Ordinary Share,AC,101160
214450.KNT,PharmaResearch Co Ltd,KNT,NEXTRADE,Biopharmaceuticals,Ordinary Share,AC,214450
115500.KNT,Korea Computer & Systems Inc,KNT,NEXTRADE,IT Services & Consulting (NEC),Ordinary Share,AC,115500
062040.KNT,Sanil Electric Co Ltd,KNT,NEXTRADE,Electrical Transmission & Grid Equipment,Ordinary Share,AC,062040
007070.KNT,GS Retail Co Ltd,KNT,NEXTRADE,Supermarkets & Convenience Stores,Ordinary Share,AC,007070
007690.KNT,Kukdo Chemical Co Ltd,KNT,NEXTRADE,Adhesive & Epoxy,Ordinary Share,AC,007690
196170.KNT,Alteogen Inc,KNT,NEXTRADE,Biopharmaceuticals,Ordinary Share,AC,196170
190510.KNT,Namuga Co Ltd,KNT,NEXTRADE,Electronic Components,Ordinary Share,AC,190510
297890.KNT,HB Solution Co Ltd,KNT,NEXTRADE,Semiconductor Machinery Manufacturing,Ordinary Share,AC,297890
376270.KNT,HEM Pharma Inc,KNT,NEXTRADE,Biotechnology & Medical Research (NEC),Ordinary Share,AC,376270
060370.KNT,LS Marine Solution Co Ltd,KNT,NEXTRADE,Power & Communications Network Construction,Ordinary Share,AC,060370
396470.KNT,Wot Co Ltd,KNT,NEXTRADE,Industrial Machinery & Equipment (NEC),Ordinary Share,AC,396470
127120.KNT,JS Link Inc,KNT,NEXTRADE,Biotechnology & Medical Research (NEC),Ordinary Share,AC,127120
272210.KNT,Hanwha Systems Co Ltd,KNT,NEXTRADE,Aerospace & Defense (NEC),Ordinary Share,AC,272210
287840.KNT,IntoCell Inc,KNT,NEXTRADE,Biotechnology & Medical Research (NEC),Ordinary Share,AC,287840
051900.KNT,LG H&H Co Ltd,KNT,NEXTRADE,Personal Products (NEC),Ordinary Share,AC,051900
078350.KNT,Hanyang Digitech Co Ltd,KNT,NEXTRADE,Memory Chips (RAM),Ordinary Share,AC,078350
256940.KNT,Keeps BioPharma Inc,KNT,NEXTRADE,Semiconductor Equipment & Testing (NEC),Ordinary Share,AC,256940
071970.KNT,HD-Hyundai Marine Engine Co Ltd,KNT,NEXTRADE,Ship Parts Manufacturers,Ordinary Share,AC,071970
338220.KNT,Vuno Inc,KNT,NEXTRADE,Medical Software & Technology Services,Ordinary Share,AC,338220
004380.KNT,Samick THK Co Ltd,KNT,NEXTRADE,Industrial Machinery & Equipment (NEC),Ordinary Share,AC,004380
101530.KNT,Haitai Confectionery and Foods Co Ltd,KNT,NEXTRADE,Food Processing (NEC),Ordinary Share,AC,101530
094280.KNT,Hyosung ITX Co Ltd,KNT,NEXTRADE,Call Center Services,Ordinary Share,AC,094280
047920.KNT,HLB Pharmaceutical Co Ltd,KNT,NEXTRADE,Pharmaceuticals (NEC),Ordinary Share,AC,047920
381620.KNT,Zenix Robotics Co Ltd,KNT,NEXTRADE,Industrial Machinery,Ordinary Share,AC,381620
016360.KNT,Samsung Securities Co Ltd,KNT,NEXTRADE,Investment Banking & Brokerage Services (NEC),Ordinary Share,AC,016360
091120.KNT,EM-Tech Co Ltd,KNT,NEXTRADE,Electronic Components,Ordinary Share,AC,091120
023160.KNT,TK Corp,KNT,NEXTRADE,Industrial Components,Ordinary Share,AC,023160
445090.KNT,AsicLand Co Ltd,KNT,NEXTRADE,Memory Chips (RAM),Ordinary Share,AC,445090
017370.KNT,Wooshin Systems Co Ltd,KNT,NEXTRADE,"Auto, Truck & Motorcycle Parts (NEC)",Ordinary Share,AC,017370
220100.KNT,FutureChem Co Ltd,KNT,NEXTRADE,Laboratory Diagnostic & Testing Substances,Ordinary Share,AC,220100
459100.KNT,Wits Co Ltd,KNT,NEXTRADE,Electrical Components & Equipment (NEC),Ordinary Share,AC,459100
192820.KNT,Cosmax Inc,KNT,NEXTRADE,Cosmetics & Perfumes,Ordinary Share,AC,192820
267980.KNT,Maeil Dairies Co Ltd,KNT,NEXTRADE,Chocolate & Confectionery,Ordinary Share,AC,267980
256840.KNT,BNC Korea Inc,KNT,NEXTRADE,Biopharmaceuticals,Ordinary Share,AC,256840
104700.KNT,KISCO Corp,KNT,NEXTRADE,Iron & Steel (NEC),Ordinary Share,AC,104700
115450.KNT,HLB Therapeutics Co Ltd,KNT,NEXTRADE,Pharmaceuticals Wholesale,Ordinary Share,AC,115450
001940.KNT,Kisco Holdings Corp,KNT,NEXTRADE,"Iron, Steel Mills & Foundries",Ordinary Share,AC,001940
036930.KNT,Jusung Engineering Co Ltd,KNT,NEXTRADE,Semiconductor Machinery Manufacturing,Ordinary Share,AC,036930
039560.KNT,Dasan Networks Inc,KNT,NEXTRADE,Communications & Networking (NEC),Ordinary Share,AC,039560
018310.KNT,Sammok S-Form Co Ltd,KNT,NEXTRADE,Construction Materials (NEC),Ordinary Share,AC,018310
084010.KNT,Daehan Steel Co Ltd,KNT,NEXTRADE,"Iron, Steel Mills & Foundries",Ordinary Share,AC,084010
036560.KNT,KZ Precision Corp,KNT,NEXTRADE,Industrial Machinery & Equipment (NEC),Ordinary Share,AC,036560
082270.KNT,GemVax & KAEL Co Ltd,KNT,NEXTRADE,Semiconductors (NEC),Ordinary Share,AC,082270
460860.KNT,Dongkuk Steel Mill Co Ltd,KNT,NEXTRADE,Iron & Steel (NEC),Ordinary Share,AC,460860
001630.KNT,Chongkundang Holdings Corp,KNT,NEXTRADE,Special Foods & Wellbeing Products,Ordinary Share,AC,001630
041020.KNT,Polaris Office Corp,KNT,NEXTRADE,Software (NEC),Ordinary Share,AC,041020
484590.KNT,Samyang Comtech Co Ltd,KNT,NEXTRADE,Arms & Ammunitions Manufacturing,Ordinary Share,AC,484590
274090.KNT,Kencoa Aerospace Corp,KNT,NEXTRADE,Aircraft Parts Manufacturing,Ordinary Share,AC,274090
003350.KNT,Hankook Cosmetics Manufacturing Co Ltd,KNT,NEXTRADE,Cosmetics & Perfumes,Ordinary Share,AC,003350
253450.KNT,Studio Dragon Corp,KNT,NEXTRADE,"Movie, TV Production & Distribution",Ordinary Share,AC,253450
005810.KNT,Poongsan Holdings Corp,KNT,NEXTRADE,Specialty Mining & Metals (NEC),Ordinary Share,AC,005810
451760.KNT,Contec Co Ltd,KNT,NEXTRADE,Satellite Service Operators,Ordinary Share,AC,451760
259960.KNT,Krafton Inc,KNT,NEXTRADE,Internet Gaming,Ordinary Share,AC,259960
012750.KNT,S1 Corp,KNT,NEXTRADE,Security & Surveillance,Ordinary Share,AC,012750
372320.KNT,Curocell Inc,KNT,NEXTRADE,Biotechnology & Medical Research (NEC),Ordinary Share,AC,372320
484810.KNT,TXR Robotics Co Ltd,KNT,NEXTRADE,Industrial Machinery,Ordinary Share,AC,484810
094360.KNT,Chips&Media Inc,KNT,NEXTRADE,Semiconductors (NEC),Ordinary Share,AC,094360
125210.KNT,Amogreentech Co Ltd,KNT,NEXTRADE,Electronic Components,Ordinary Share,AC,125210
241520.KNT,DSC Investment Inc,KNT,NEXTRADE,Venture Capital,Ordinary Share,AC,241520
051980.KNT,Joongang Advanced Materials Co Ltd,KNT,NEXTRADE,Communications & Networking (NEC),Ordinary Share,AC,051980
001800.KNT,ORION Holdings Corp,KNT,NEXTRADE,Food Processing (NEC),Ordinary Share,AC,001800
455900.KNT,Angel Robotics Co Ltd,KNT,NEXTRADE,Medical Prosthetics,Ordinary Share,AC,455900
025320.KNT,Synopex Inc,KNT,NEXTRADE,Integrated Circuits,Ordinary Share,AC,025320
035250.KNT,Kangwon Land Inc,KNT,NEXTRADE,Casinos,Ordinary Share,AC,035250
348370.KNT,EnChem Co Ltd,KNT,NEXTRADE,Commodity Chemicals (NEC),Ordinary Share,AC,348370
323990.KNT,VaxCell Biotherapeutics Co Ltd,KNT,NEXTRADE,Bio Therapeutic Drugs,Ordinary Share,AC,323990
361390.KNT,Genohco Inc,KNT,NEXTRADE,Communications & Networking (NEC),Ordinary Share,AC,361390
034120.KNT,Seoul Broadcasting System,KNT,NEXTRADE,Television Broadcasting,Ordinary Share,AC,034120
037710.KNT,GwangjuShinsegae Co Ltd,KNT,NEXTRADE,General Department Stores,Ordinary Share,AC,037710
182360.KNT,Cube Entertainment Inc,KNT,NEXTRADE,Entertainment Production (NEC),Ordinary Share,AC,182360
195940.KNT,HK Inno.N Corp,KNT,NEXTRADE,Proprietary & Advanced Pharmaceuticals,Ordinary Share,AC,195940
102940.KNT,Kolon Life Science Inc,KNT,NEXTRADE,Pharmaceuticals (NEC),Ordinary Share,AC,102940
083420.KNT,Green Chemical Co Ltd,KNT,NEXTRADE,Commodity Chemicals (NEC),Ordinary Share,AC,083420
034230.KNT,Paradise Co Ltd,KNT,NEXTRADE,Casinos,Ordinary Share,AC,034230
063080.KNT,Com2uS Holdings Corp,KNT,NEXTRADE,Mobile Application Software,Ordinary Share,AC,063080
059090.KNT,MiCo Ltd,KNT,NEXTRADE,Semiconductor Equipment & Testing (NEC),Ordinary Share,AC,059090
357550.KNT,Sukgyung AT Co Ltd,KNT,NEXTRADE,Diversified Chemicals,Ordinary Share,AC,357550
064290.KNT,Intekplus Co Ltd,KNT,NEXTRADE,Semiconductor Testing Equipment & Service,Ordinary Share,AC,064290
005430.KNT,Korea Airport Service Co Ltd,KNT,NEXTRADE,Airport Operators & Services (NEC),Ordinary Share,AC,005430
056190.KNT,SFA Engineering Corp,KNT,NEXTRADE,Industrial Machinery & Equipment (NEC),Ordinary Share,AC,056190
417200.KNT,LS Materials Ltd,KNT,NEXTRADE,Electrical Components & Equipment (NEC),Ordinary Share,AC,417200
176750.KNT,DuChemBio Co Ltd,KNT,NEXTRADE,Pharmaceuticals (NEC),Ordinary Share,AC,176750
308430.KNT,Cellbion Co Ltd,KNT,NEXTRADE,Pharmaceuticals (NEC),Ordinary Share,AC,308430
403850.KNT,The Pinkfong Company Inc,KNT,NEXTRADE,Entertainment Production (NEC),Ordinary Share,AC,403850
353200.KNT,Daeduck Electronics Co Ltd,KNT,NEXTRADE,Integrated Circuits,Ordinary Share,AC,353200
092730.KNT,NeoPharm Co Ltd,KNT,NEXTRADE,Cosmetics & Perfumes,Ordinary Share,AC,092730
200350.KNT,Artist Studio Inc,KNT,NEXTRADE,"Movie, TV Production & Distribution",Ordinary Share,AC,200350
347850.KNT,DND PharmaTech Inc,KNT,NEXTRADE,Bio Therapeutic Drugs,Ordinary Share,AC,347850
192080.KNT,DoubleU Games Co Ltd,KNT,NEXTRADE,Mobile Application Software,Ordinary Share,AC,192080
101730.KNT,Wemade Max Co Ltd,KNT,NEXTRADE,Internet Gaming,Ordinary Share,AC,101730
356860.KNT,TLB Co Ltd,KNT,NEXTRADE,Integrated Circuits,Ordinary Share,AC,356860
340450.KNT,GC Genome Corp,KNT,NEXTRADE,Medical & Diagnostic Laboratories,Ordinary Share,AC,340450
336570.KNT,Won Tech Co Ltd,KNT,NEXTRADE,Medical Equipment,Ordinary Share,AC,336570
217270.KNT,Neptune Co,KNT,NEXTRADE,Mobile Application Software,Ordinary Share,AC,217270
122870.KNT,YG Entertainment Inc,KNT,NEXTRADE,Entertainment Production (NEC),Ordinary Share,AC,122870
453450.KNT,Gridwiz Co Ltd,KNT,NEXTRADE,Renewable Energy Equipment & Services (NEC),Ordinary Share,AC,453450
457190.KNT,Isu Specialty Chemical Co Ltd,KNT,NEXTRADE,Specialty Chemicals (NEC),Ordinary Share,AC,457190
365330.KNT,SYSteel Tech Co Ltd,KNT,NEXTRADE,Construction Materials (NEC),Ordinary Share,AC,365330
030530.KNT,Wonik Holdings Co Ltd,KNT,NEXTRADE,Semiconductor Machinery Manufacturing,Ordinary Share,AC,030530
200880.KNT,Seoyon E Hwa Co Ltd,KNT,NEXTRADE,Automotive Accessories,Ordinary Share,AC,200880
137400.KNT,People & Technology Inc,KNT,NEXTRADE,Industrial Machinery & Equipment (NEC),Ordinary Share,AC,137400
049070.KNT,Intops Co Ltd,KNT,NEXTRADE,Electronic Components,Ordinary Share,AC,049070
039840.KNT,Dio Corp,KNT,NEXTRADE,Medical Devices & Implants,Ordinary Share,AC,039840
251970.KNT,Pum Tech Korea Co Ltd,KNT,NEXTRADE,Plastic Containers & Packaging,Ordinary Share,AC,251970
402490.KNT,Green Resource Co Ltd,KNT,NEXTRADE,Commodity Chemicals (NEC),Ordinary Share,AC,402490
069960.KNT,Hyundai Department Store Co Ltd,KNT,NEXTRADE,General Department Stores,Ordinary Share,AC,069960
069260.KNT,TKG Huchems Co Ltd,KNT,NEXTRADE,Commodity Chemicals (NEC),Ordinary Share,AC,069260
380550.KNT,Neurophet Inc,KNT,NEXTRADE,Medical Software & Technology Services,Ordinary Share,AC,380550
243070.KNT,Huons Co Ltd,KNT,NEXTRADE,Pharmaceuticals (NEC),Ordinary Share,AC,243070
036200.KNT,Unisem Co Ltd,KNT,NEXTRADE,Semiconductor Machinery Manufacturing,Ordinary Share,AC,036200
082850.KNT,Wooree Bio Co Ltd,KNT,NEXTRADE,Semiconductors (NEC),Ordinary Share,AC,082850
299030.KNT,Hana Technology Co Ltd,KNT,NEXTRADE,Welding & Soldering Equipment,Ordinary Share,AC,299030
388720.KNT,YuilRobotics Co Ltd,KNT,NEXTRADE,Industrial Machinery & Equipment (NEC),Ordinary Share,AC,388720
118990.KNT,Motrex Co Ltd,KNT,NEXTRADE,Automotive Systems,Ordinary Share,AC,118990
416180.KNT,Shinsung ST Co Ltd,KNT,NEXTRADE,Electronic Components,Ordinary Share,AC,416180
183190.KNT,Asia Cement Co Ltd,KNT,NEXTRADE,Cement & Concrete Manufacturing,Ordinary Share,AC,183190
093370.KNT,Foosung Co Ltd,KNT,NEXTRADE,Commodity Chemicals (NEC),Ordinary Share,AC,093370
443670.KNT,SPSoft Inc,KNT,NEXTRADE,IT Services & Consulting (NEC),Ordinary Share,AC,443670
393970.KNT,Daejin Advanced Materials Inc,KNT,NEXTRADE,Commodity Chemicals (NEC),Ordinary Share,AC,393970
222800.KNT,Simmtech Co Ltd,KNT,NEXTRADE,Integrated Circuits,Ordinary Share,AC,222800
048430.KNT,Yura Tech Co Ltd,KNT,NEXTRADE,Automotive Systems,Ordinary Share,AC,048430
089890.KNT,Koses Co Ltd,KNT,NEXTRADE,Semiconductor Machinery Manufacturing,Ordinary Share,AC,089890
336370.KNT,Solus Advanced Materials Co Ltd,KNT,NEXTRADE,Electronic Equipment & Parts (NEC),Ordinary Share,AC,336370
459510.KNT,Nau Robotics Co Ltd,KNT,NEXTRADE,Industrial Machinery,Ordinary Share,AC,459510
441270.KNT,Fine M-Tec Co Ltd,KNT,NEXTRADE,Electronic Equipment & Parts (NEC),Ordinary Share,AC,441270
122640.KNT,Yest Co Ltd,KNT,NEXTRADE,Semiconductor Machinery Manufacturing,Ordinary Share,AC,122640
008730.KNT,Youlchon Chemical Co Ltd,KNT,NEXTRADE,Plastic Containers & Packaging,Ordinary Share,AC,008730
348150.KNT,KoBioLabs Inc,KNT,NEXTRADE,Special Foods & Wellbeing Products,Ordinary Share,AC,348150
001680.KNT,Daesang Corp,KNT,NEXTRADE,Food Processing (NEC),Ordinary Share,AC,001680
356680.KNT,AXGate Co Ltd,KNT,NEXTRADE,IT Services & Consulting (NEC),Ordinary Share,AC,356680
036890.KNT,Jinsung TEC,KNT,NEXTRADE,Ball & Roller Bearings,Ordinary Share,AC,036890
171090.KNT,Sunic System Co Ltd,KNT,NEXTRADE,Semiconductor Equipment & Testing (NEC),Ordinary Share,AC,171090
310210.KNT,Voronoi Inc,KNT,NEXTRADE,Biotechnology & Medical Research (NEC),Ordinary Share,AC,310210
478340.KNT,Nara Space Technology Inc,KNT,NEXTRADE,Aerospace & Defense (NEC),Ordinary Share,AC,478340
001380.KNT,SG Global Co Ltd,KNT,NEXTRADE,Automotive Accessories,Ordinary Share,AC,001380
092790.KNT,Nexteel Co Ltd,KNT,NEXTRADE,Iron & Steel (NEC),Ordinary Share,AC,092790
317450.KNT,Myung In Pharm Co Ltd,KNT,NEXTRADE,Pharmaceuticals (NEC),Ordinary Share,AC,317450
200670.KNT,Humedix Co Ltd,KNT,NEXTRADE,Pharmaceuticals (NEC),Ordinary Share,AC,200670
064550.KNT,Bioneer Corp,KNT,NEXTRADE,Bio Therapeutic Drugs,Ordinary Share,AC,064550
017810.KNT,Pulmuone Corporate,KNT,NEXTRADE,Food Processing (NEC),Ordinary Share,AC,017810
091810.KNT,Trinity Airways Co Ltd,KNT,NEXTRADE,Airlines (NEC),Ordinary Share,AC,091810
063170.KNT,Seoul Auction Co Ltd,KNT,NEXTRADE,E-commerce & Auction Services,Ordinary Share,AC,063170
092230.KNT,KPX Holdings Co Ltd,KNT,NEXTRADE,Commodity Chemicals (NEC),Ordinary Share,AC,092230
058970.KNT,Emro Incorporated,KNT,NEXTRADE,Enterprise Software,Ordinary Share,AC,058970
006730.KNT,Seobu T&D Co Ltd,KNT,NEXTRADE,Hotels & Motels,Ordinary Share,AC,006730
003300.KNT,Hanil Holdings Co Ltd,KNT,NEXTRADE,Cement & Concrete Manufacturing,Ordinary Share,AC,003300
094820.KNT,Iljin Power Co Ltd,KNT,NEXTRADE,Industrial Plant Construction,Ordinary Share,AC,094820
179900.KNT,UTI Inc,KNT,NEXTRADE,Semiconductors (NEC),Ordinary Share,AC,179900
199800.KNT,ToolGen Inc,KNT,NEXTRADE,Biotechnology & Medical Research (NEC),Ordinary Share,AC,199800
016800.KNT,Fursys Inc,KNT,NEXTRADE,Office Furniture,Ordinary Share,AC,016800
339770.KNT,Kyochon Food&Beverage Co Ltd,KNT,NEXTRADE,Food Wholesale,Ordinary Share,AC,339770
010950.KNT,S-Oil Corp,KNT,NEXTRADE,Oil & Gas Refining and Marketing (NEC),Ordinary Share,AC,010950
351870.KNT,Chai Communication Co Ltd,KNT,NEXTRADE,Advertising Agency,Ordinary Share,AC,351870
323280.KNT,Taesung Co Ltd,KNT,NEXTRADE,Semiconductor Machinery Manufacturing,Ordinary Share,AC,323280
360070.KNT,Top Material Co Ltd,KNT,NEXTRADE,Electrical Components & Equipment (NEC),Ordinary Share,AC,360070
123860.KNT,Anapass Inc,KNT,NEXTRADE,Integrated Circuits,Ordinary Share,AC,123860
439580.KNT,BlueMTec Co Ltd,KNT,NEXTRADE,Online Services (NEC),Ordinary Share,AC,439580
005870.KNT,Huneed Technologies,KNT,NEXTRADE,Communications & Networking (NEC),Ordinary Share,AC,005870
052260.KNT,Hyundai BioLand Co Ltd,KNT,NEXTRADE,Cosmetics & Perfumes,Ordinary Share,AC,052260
271560.KNT,Orion Corp,KNT,NEXTRADE,Food Processing (NEC),Ordinary Share,AC,271560
012630.KNT,HDC Holdings Co Ltd,KNT,NEXTRADE,Construction & Engineering (NEC),Ordinary Share,AC,012630
211050.KNT,Incar Finance Service Co Ltd,KNT,NEXTRADE,Insurance Brokers,Ordinary Share,AC,211050
089030.KNT,TechWing Inc,KNT,NEXTRADE,Semiconductor Equipment & Testing (NEC),Ordinary Share,AC,089030
248070.KNT,SoluM Co Ltd,KNT,NEXTRADE,Electronic Components,Ordinary Share,AC,248070
307950.KNT,Hyundai Autoever Corp,KNT,NEXTRADE,IT Services & Consulting (NEC),Ordinary Share,AC,307950
290670.KNT,Daebo Magnetic Co Ltd,KNT,NEXTRADE,Industrial Machinery,Ordinary Share,AC,290670
225570.KNT,Nexon Games Co Ltd,KNT,NEXTRADE,Mobile Application Software,Ordinary Share,AC,225570
093520.KNT,Makus Inc,KNT,NEXTRADE,Semiconductors (NEC),Ordinary Share,AC,093520
081660.KNT,Misto Holdings Corp,KNT,NEXTRADE,Apparel & Accessories Retailers (NEC),Ordinary Share,AC,081660
024110.KNT,Industrial Bank of Korea,KNT,NEXTRADE,Corporate Banks,Ordinary Share,AC,024110
304100.KNT,Saltlux Inc,KNT,NEXTRADE,Machine Learning & Artificial Intelligence (AI) Services,Ordinary Share,AC,304100
010130.KNT,Korea Zinc Inc,KNT,NEXTRADE,Specialty Mining & Metals (NEC),Ordinary Share,AC,010130
092460.KNT,Hanla IMS Co Ltd,KNT,NEXTRADE,Ship Parts Manufacturers,Ordinary Share,AC,092460
035900.KNT,JYP Entertainment Corp,KNT,NEXTRADE,"Music, Music Video Production & Distribution",Ordinary Share,AC,035900
082920.KNT,VitzroCell Co Ltd,KNT,NEXTRADE,Batteries & Uninterruptable Power Supplies,Ordinary Share,AC,082920
247540.KNT,EcoPro BM Co Ltd,KNT,NEXTRADE,Batteries & Uninterruptable Power Supplies,Ordinary Share,AC,247540
042520.KNT,Hans Biomed Corp,KNT,NEXTRADE,Medical Devices & Implants,Ordinary Share,AC,042520
121600.KNT,Advanced Nano Products Co Ltd,KNT,NEXTRADE,Specialty Chemicals (NEC),Ordinary Share,AC,121600
131970.KNT,Doosan Tesna Inc,KNT,NEXTRADE,Semiconductor Testing Equipment & Service,Ordinary Share,AC,131970
050890.KNT,Solid Inc,KNT,NEXTRADE,Communications & Networking (NEC),Ordinary Share,AC,050890
289930.KNT,Wavice Inc,KNT,NEXTRADE,Semiconductors (NEC),Ordinary Share,AC,289930
004980.KNT,Sungshin Cement Co Ltd,KNT,NEXTRADE,Cement & Concrete Manufacturing,Ordinary Share,AC,004980
452200.KNT,MinTech Co Ltd,KNT,NEXTRADE,Electrical Measuring & Testing Instruments,Ordinary Share,AC,452200
001500.KNT,Hyundai Motor Securities Co Ltd,KNT,NEXTRADE,Investment Banking & Brokerage Services (NEC),Ordinary Share,AC,001500
048410.KNT,Hyundai Bioscience Co Ltd,KNT,NEXTRADE,Personal Products (NEC),Ordinary Share,AC,048410
044490.KNT,Taewoong Co Ltd,KNT,NEXTRADE,Industrial Machinery & Equipment (NEC),Ordinary Share,AC,044490
337930.KNT,XexyMix Corp,KNT,NEXTRADE,Sportswear & Outdoors Clothing,Ordinary Share,AC,337930
000520.KNT,Samil Pharmaceutical Co Ltd,KNT,NEXTRADE,Generic Pharmaceuticals,Ordinary Share,AC,000520
001120.KNT,LX International Corp,KNT,NEXTRADE,Diversified Industrial Goods Wholesale,Ordinary Share,AC,001120
078600.KNT,Daejoo Electronic Materials Co Ltd,KNT,NEXTRADE,Specialty Chemicals (NEC),Ordinary Share,AC,078600
052400.KNT,Kona I Co Ltd,KNT,NEXTRADE,Semiconductors (NEC),Ordinary Share,AC,052400
114190.KNT,Kangwon Energy Co Ltd,KNT,NEXTRADE,Industrial Machinery,Ordinary Share,AC,114190
399720.KNT,Gaonchips Co Ltd,KNT,NEXTRADE,Semiconductors (NEC),Ordinary Share,AC,399720
226320.KNT,It's Hanbul Co Ltd,KNT,NEXTRADE,Cosmetics & Perfumes,Ordinary Share,AC,226320
012450.KNT,Hanwha AeroSpace Co Ltd,KNT,NEXTRADE,Aerospace & Defense (NEC),Ordinary Share,AC,012450
060280.KNT,Curexo Inc,KNT,NEXTRADE,Food Wholesale,Ordinary Share,AC,060280
476830.KNT,Rznomics Inc,KNT,NEXTRADE,Bio Therapeutic Drugs,Ordinary Share,AC,476830
114840.KNT,IFamilySC Co Ltd,KNT,NEXTRADE,Personal Care Products Retailers,Ordinary Share,AC,114840
489790.KNT,Hanwha Vision Co Ltd,KNT,NEXTRADE,Communications & Networking (NEC),Ordinary Share,AC,489790
267250.KNT,HD Hyundai Co Ltd,KNT,NEXTRADE,Oil & Gas Refining and Marketing (NEC),Ordinary Share,AC,267250
001270.KNT,Bookook Securities Co Ltd,KNT,NEXTRADE,Investment Banking & Brokerage Services (NEC),Ordinary Share,AC,001270
189300.KNT,Intellian Technologies Inc,KNT,NEXTRADE,Satellite Communications Network,Ordinary Share,AC,189300
298380.KNT,ABL Bio Inc,KNT,NEXTRADE,Bio Therapeutic Drugs,Ordinary Share,AC,298380
145020.KNT,Hugel Inc,KNT,NEXTRADE,Biopharmaceuticals,Ordinary Share,AC,145020
294570.KNT,Coocon Corp,KNT,NEXTRADE,IT Services & Consulting (NEC),Ordinary Share,AC,294570
267270.KNT,HD Construction Equipment Co Ltd,KNT,NEXTRADE,Construction Machinery,Ordinary Share,AC,267270
068290.KNT,Samsung Publishing Co Ltd,KNT,NEXTRADE,Consumer Publishing (NEC),Ordinary Share,AC,068290
195870.KNT,Haesung DS Co Ltd,KNT,NEXTRADE,Integrated Circuits,Ordinary Share,AC,195870
215200.KNT,MegaStudyEdu Co Ltd,KNT,NEXTRADE,Miscellaneous Educational Service Providers,Ordinary Share,AC,215200
005850.KNT,SL Corp,KNT,NEXTRADE,"Auto, Truck & Motorcycle Parts (NEC)",Ordinary Share,AC,005850
376300.KNT,Dear U Co Ltd,KNT,NEXTRADE,Mobile Application Software,Ordinary Share,AC,376300
389140.KNT,4By4 Inc,KNT,NEXTRADE,Entertainment Production (NEC),Ordinary Share,AC,389140
094170.KNT,Dongwoon Anatech Co Ltd,KNT,NEXTRADE,Integrated Circuits,Ordinary Share,AC,094170
271980.KNT,Jeil Pharmaceutical Co Ltd,KNT,NEXTRADE,Generic Pharmaceuticals,Ordinary Share,AC,271980
021240.KNT,Coway Co Ltd,KNT,NEXTRADE,Household Appliances,Ordinary Share,AC,021240
458650.KNT,Sungwoo Co Ltd,KNT,NEXTRADE,Electrical Components & Equipment (NEC),Ordinary Share,AC,458650
278280.KNT,Chunbo Co Ltd,KNT,NEXTRADE,Commodity Chemicals (NEC),Ordinary Share,AC,278280
483650.KNT,d'Alba Global Co Ltd,KNT,NEXTRADE,Cosmetics & Perfumes,Ordinary Share,AC,483650
252990.KNT,SemCNS Co Ltd,KNT,NEXTRADE,Electronic Equipment & Parts (NEC),Ordinary Share,AC,252990
036540.KNT,SFA Semicon Co Ltd,KNT,NEXTRADE,Semiconductors (NEC),Ordinary Share,AC,036540
082800.KNT,Vivozon Pharmaceutical Co Ltd,KNT,NEXTRADE,Pharmaceuticals (NEC),Ordinary Share,AC,082800
181710.KNT,NHN Corp,KNT,NEXTRADE,Online Services (NEC),Ordinary Share,AC,181710
460850.KNT,Dongkuk Coated Metal Co Ltd,KNT,NEXTRADE,Iron & Steel (NEC),Ordinary Share,AC,460850
041830.KNT,InBody Co Ltd,KNT,NEXTRADE,Advanced Medical Equipment & Technology (NEC),Ordinary Share,AC,041830
041190.KNT,Woori Technology Investment Co Ltd,KNT,NEXTRADE,Venture Capital,Ordinary Share,AC,041190
065660.KNT,Anterogen Co Ltd,KNT,NEXTRADE,Biopharmaceuticals,Ordinary Share,AC,065660
036830.KNT,SoulBrain Holdings Co Ltd,KNT,NEXTRADE,Specialty Chemicals (NEC),Ordinary Share,AC,036830
039860.KNT,NanoEnTek Inc,KNT,NEXTRADE,Medical Diagnostic & Testing Equipment,Ordinary Share,AC,039860
469610.KNT,Innotech Co Ltd,KNT,NEXTRADE,Industrial Machinery & Equipment (NEC),Ordinary Share,AC,469610
003220.KNT,Daewon Pharmaceutical Co Ltd,KNT,NEXTRADE,Pharmaceuticals (NEC),Ordinary Share,AC,003220
002960.KNT,Hankook Shell Oil Co Ltd,KNT,NEXTRADE,Petroleum Refining,Ordinary Share,AC,002960
270660.KNT,EveryBot Inc,KNT,NEXTRADE,Household Appliances,Ordinary Share,AC,270660
093320.KNT,KINX Inc,KNT,NEXTRADE,IT Services & Consulting (NEC),Ordinary Share,AC,093320
255220.KNT,SG Co Ltd,KNT,NEXTRADE,Tile & Paving Material Manufacturing,Ordinary Share,AC,255220
480370.KNT,CK Solution Co Ltd,KNT,NEXTRADE,Industrial Machinery & Equipment (NEC),Ordinary Share,AC,480370
222080.KNT,Creative & Innovative System Corp,KNT,NEXTRADE,Industrial Machinery,Ordinary Share,AC,222080
460930.KNT,Hyundai Hyms Co Ltd,KNT,NEXTRADE,Shipbuilding (NEC),Ordinary Share,AC,460930
377300.KNT,KakaoPay Corp,KNT,NEXTRADE,Financial Technology (Fintech) (NEC),Ordinary Share,AC,377300
107640.KNT,HanJungNCS Co Ltd,KNT,NEXTRADE,"Auto, Truck & Motorcycle Parts (NEC)",Ordinary Share,AC,107640
382840.KNT,OneJoon Co Ltd,KNT,NEXTRADE,Industrial Process Furnace & Ovens,Ordinary Share,AC,382840
002840.KNT,Miwon Commercial Co Ltd,KNT,NEXTRADE,Specialty Chemicals (NEC),Ordinary Share,AC,002840
089970.KNT,VM Inc,KNT,NEXTRADE,Semiconductor Machinery Manufacturing,Ordinary Share,AC,089970
145170.KNT,Nobland International Inc,KNT,NEXTRADE,Apparel & Accessories (NEC),Ordinary Share,AC,145170
099440.KNT,Smec Co Ltd,KNT,NEXTRADE,Industrial Machinery & Equipment (NEC),Ordinary Share,AC,099440
014820.KNT,Dongwon Systems Corp,KNT,NEXTRADE,Non-Paper Containers & Packaging (NEC),Ordinary Share,AC,014820
207940.KNT,Samsung Biologics Co Ltd,KNT,NEXTRADE,Biopharmaceuticals,Ordinary Share,AC,207940
068240.KNT,Dawonsys Co Ltd,KNT,NEXTRADE,Heavy Machinery & Vehicles (NEC),Ordinary Share,AC,068240
017390.KNT,Seoul City Gas Co Ltd,KNT,NEXTRADE,Natural Gas Distribution,Ordinary Share,AC,017390
051910.KNT,LG Chem Ltd,KNT,NEXTRADE,Plastics,Ordinary Share,AC,051910
031210.KNT,Seoul Guarantee Insurance Co,KNT,NEXTRADE,Property & Casualty Insurance (NEC),Ordinary Share,AC,031210
329180.KNT,HD Hyundai Heavy Industries Co Ltd,KNT,NEXTRADE,Ship Parts Manufacturers,Ordinary Share,AC,329180
057050.KNT,Hyundai Home Shopping Network Corp,KNT,NEXTRADE,Internet & Mail Order Discount Stores,Ordinary Share,AC,057050
204270.KNT,JNTC Co Ltd,KNT,NEXTRADE,Phones & Handheld Devices (NEC),Ordinary Share,AC,204270
439090.KNT,Manyo Factory Co Ltd,KNT,NEXTRADE,Cosmetics & Perfumes,Ordinary Share,AC,439090
489460.KNT,Biobijou Co Ltd,KNT,NEXTRADE,Pharmaceuticals (NEC),Ordinary Share,AC,489460
005010.KNT,Husteel Co Ltd,KNT,NEXTRADE,"Iron, Steel Mills & Foundries",Ordinary Share,AC,005010
249420.KNT,Il Dong Pharmaceutical Co Ltd,KNT,NEXTRADE,Pharmaceuticals (NEC),Ordinary Share,AC,249420
475400.KNT,Cmes Robotics Inc,KNT,NEXTRADE,Industrial Machinery,Ordinary Share,AC,475400
229640.KNT,LS Eco Energy Ltd,KNT,NEXTRADE,Wires & Cables,Ordinary Share,AC,229640
030520.KNT,HanCom Inc,KNT,NEXTRADE,Application Software,Ordinary Share,AC,030520
322310.KNT,AurosTechnology Inc,KNT,NEXTRADE,Semiconductor Machinery Manufacturing,Ordinary Share,AC,322310
018250.KNT,Aekyung Industrial Co Ltd,KNT,NEXTRADE,Personal Products (NEC),Ordinary Share,AC,018250
030960.KNT,Yangjisa Co Ltd,KNT,NEXTRADE,Office Supplies,Ordinary Share,AC,030960
464080.KNT,SOS Lab Co Ltd,KNT,NEXTRADE,Electronic Components,Ordinary Share,AC,464080
194370.KNT,JS Corp,KNT,NEXTRADE,Apparel & Accessories (NEC),Ordinary Share,AC,194370
352480.KNT,C&C International Co Ltd,KNT,NEXTRADE,Cosmetics & Perfumes,Ordinary Share,AC,352480
002310.KNT,Asia Paper Manufacturing Co Ltd,KNT,NEXTRADE,Paper Mills & Products,Ordinary Share,AC,002310
206650.KNT,EuBiologics Co Ltd,KNT,NEXTRADE,Biopharmaceuticals,Ordinary Share,AC,206650
005710.KNT,Daewonsanup,KNT,NEXTRADE,Automotive Accessories,Ordinary Share,AC,005710
014710.KNT,Sajo Sea Food Co Ltd,KNT,NEXTRADE,Seafood Product Preparation & Packaging,Ordinary Share,AC,014710
389470.KNT,Inventage Lab Inc,KNT,NEXTRADE,Pharmaceuticals (NEC),Ordinary Share,AC,389470
035420.KNT,Naver Corp,KNT,NEXTRADE,Search Engines,Ordinary Share,AC,035420
079940.KNT,Gabia Inc,KNT,NEXTRADE,IT Services & Consulting (NEC),Ordinary Share,AC,079940
054950.KNT,JVM Co Ltd,KNT,NEXTRADE,Advanced Medical Equipment & Technology (NEC),Ordinary Share,AC,054950
009540.KNT,HD Korea Shipbuilding & Offshore Engineering Co Ltd,KNT,NEXTRADE,Shipbuilding (NEC),Ordinary Share,AC,009540
006650.KNT,Korea Petro Chemical Ind Co Ltd,KNT,NEXTRADE,Plastics,Ordinary Share,AC,006650
065450.KNT,Victek Co Ltd,KNT,NEXTRADE,Aerospace & Defense (NEC),Ordinary Share,AC,065450
166480.KNT,Corestemchemon Inc,KNT,NEXTRADE,Biotechnology & Medical Research (NEC),Ordinary Share,AC,166480
389650.KNT,NextBioMedical Co Ltd,KNT,NEXTRADE,"Medical Equipment, Supplies & Distribution (NEC)",Ordinary Share,AC,389650
001720.KNT,Shinyoung Securities Co Ltd,KNT,NEXTRADE,Investment Banking & Brokerage Services (NEC),Ordinary Share,AC,001720
236200.KNT,Suprema Inc,KNT,NEXTRADE,Biometric Products,Ordinary Share,AC,236200
074600.KNT,Wonik QnC Corp,KNT,NEXTRADE,Semiconductors (NEC),Ordinary Share,AC,074600
033100.KNT,Cheryong Electric Co Ltd,KNT,NEXTRADE,Electrical Transmission & Grid Equipment,Ordinary Share,AC,033100
003850.KNT,Boryung Corp,KNT,NEXTRADE,Generic Pharmaceuticals,Ordinary Share,AC,003850
097950.KNT,CJ CheilJedang Corp,KNT,NEXTRADE,Food Processing (NEC),Ordinary Share,AC,097950
098460.KNT,Koh Young Technology Inc,KNT,NEXTRADE,Semiconductor Equipment & Testing (NEC),Ordinary Share,AC,098460
086980.KNT,Showbox Corp,KNT,NEXTRADE,"Movie, TV Production & Distribution",Ordinary Share,AC,086980
484120.KNT,DowooInsys Co Ltd,KNT,NEXTRADE,Electronic Equipment & Parts (NEC),Ordinary Share,AC,484120
432720.KNT,Qualitas Semiconductor Co Ltd,KNT,NEXTRADE,Semiconductors (NEC),Ordinary Share,AC,432720
474650.KNT,LincSolution Co Ltd,KNT,NEXTRADE,3D Printers,Ordinary Share,AC,474650
284740.KNT,Cuckoo Homesys Co Ltd,KNT,NEXTRADE,Household Appliances,Ordinary Share,AC,284740
013990.KNT,Agabang & Company,KNT,NEXTRADE,Children's & Infants' Clothing,Ordinary Share,AC,013990
009240.KNT,Hanssem Co Ltd,KNT,NEXTRADE,Furniture,Ordinary Share,AC,009240
158430.KNT,Aton Inc,KNT,NEXTRADE,Internet Security & Transactions Services,Ordinary Share,AC,158430
000990.KNT,DB HiTek Co Ltd,KNT,NEXTRADE,Integrated Circuits,Ordinary Share,AC,000990
214150.KNT,Classys Inc,KNT,NEXTRADE,Advanced Medical Equipment & Technology (NEC),Ordinary Share,AC,214150
240550.KNT,DongBang Medical Co Ltd,KNT,NEXTRADE,Medical Equipment,Ordinary Share,AC,240550
260970.KNT,S&D Co Ltd,KNT,NEXTRADE,Food Ingredients,Ordinary Share,AC,260970
047810.KNT,Korea Aerospace Industries Ltd,KNT,NEXTRADE,Aerospace & Defense (NEC),Ordinary Share,AC,047810
001450.KNT,Hyundai Marine & Fire Insurance Co Ltd,KNT,NEXTRADE,Casualty Insurance,Ordinary Share,AC,001450
086390.KNT,UniTest Inc,KNT,NEXTRADE,Semiconductor Testing Equipment & Service,Ordinary Share,AC,086390
013890.KNT,Zinus Inc,KNT,NEXTRADE,Furniture,Ordinary Share,AC,013890
006120.KNT,SK Discovery Co Ltd,KNT,NEXTRADE,Petroleum Product Wholesale,Ordinary Share,AC,006120
006110.KNT,Sama Aluminium Co Ltd,KNT,NEXTRADE,Primary Aluminum Production,Ordinary Share,AC,006110
070960.KNT,Mona Yongpyong Co Ltd,KNT,NEXTRADE,"Hotels, Motels & Cruise Lines (NEC)",Ordinary Share,AC,070960
241710.KNT,Cosmecca Korea Co Ltd,KNT,NEXTRADE,Cosmetics & Perfumes,Ordinary Share,AC,241710
085620.KNT,Mirae Asset Life Insurance Co Ltd,KNT,NEXTRADE,Life Insurance,Ordinary Share,AC,085620
011790.KNT,SKC Co Ltd,KNT,NEXTRADE,Commodity Chemicals (NEC),Ordinary Share,AC,011790
149980.KNT,Hironic Co Ltd,KNT,NEXTRADE,Advanced Medical Equipment & Technology (NEC),Ordinary Share,AC,149980
005860.KNT,Hanil Feed Co Ltd,KNT,NEXTRADE,Fishing & Farming Wholesale,Ordinary Share,AC,005860
297090.KNT,CS Bearing Co Ltd,KNT,NEXTRADE,Industrial Components,Ordinary Share,AC,297090
148150.KNT,Se Gyung Hi Tech Co Ltd,KNT,NEXTRADE,Electronic Components,Ordinary Share,AC,148150
011810.KNT,STX Corp,KNT,NEXTRADE,Diversified Industrial Goods Wholesale,Ordinary Share,AC,011810
092200.KNT,Dae-Il Corp,KNT,NEXTRADE,"Auto, Truck & Motorcycle Parts (NEC)",Ordinary Share,AC,092200
023590.KNT,Daou Technology Inc,KNT,NEXTRADE,Brokerage Services,Ordinary Share,AC,023590
053030.KNT,Binex Co Ltd,KNT,NEXTRADE,Pharmaceuticals (NEC),Ordinary Share,AC,053030
411080.KNT,Sands Lab Inc,KNT,NEXTRADE,IT Services & Consulting (NEC),Ordinary Share,AC,411080
488900.KNT,Vitzro Nextech Co Ltd,KNT,NEXTRADE,Aerospace & Defense (NEC),Ordinary Share,AC,488900
023530.KNT,Lotte Shopping Co Ltd,KNT,NEXTRADE,Department Stores (NEC),Ordinary Share,AC,023530
009780.KNT,MSC Co Ltd,KNT,NEXTRADE,Food Processing (NEC),Ordinary Share,AC,009780
352820.KNT,Hybe Co Ltd,KNT,NEXTRADE,"Music, Music Video Production & Distribution",Ordinary Share,AC,352820
051600.KNT,KEPCO Plant Service & Engineering Co Ltd,KNT,NEXTRADE,Maintenance & Repair Services,Ordinary Share,AC,051600
095340.KNT,ISC Co Ltd,KNT,NEXTRADE,Semiconductor Equipment & Testing (NEC),Ordinary Share,AC,095340
083650.KNT,BHI Co Ltd,KNT,NEXTRADE,Heavy Electrical Equipment (NEC),Ordinary Share,AC,083650
039490.KNT,Kiwoom Securities Co Ltd,KNT,NEXTRADE,Investment Banking & Brokerage Services (NEC),Ordinary Share,AC,039490
314930.KNT,Biodyne Co Ltd,KNT,NEXTRADE,Laboratory Diagnostic & Testing Substances,Ordinary Share,AC,314930
095610.KNT,Tes Co Ltd,KNT,NEXTRADE,Semiconductor Machinery Manufacturing,Ordinary Share,AC,095610
024720.KNT,Kolmar Holdings Co Ltd,KNT,NEXTRADE,Special Foods & Wellbeing Products,Ordinary Share,AC,024720
007390.KNT,NatureCell Co Ltd,KNT,NEXTRADE,Biopharmaceuticals,Ordinary Share,AC,007390
388210.KNT,CMTX Co Ltd,KNT,NEXTRADE,Semiconductors (NEC),Ordinary Share,AC,388210
047560.KNT,ESTsoft Corp,KNT,NEXTRADE,Software (NEC),Ordinary Share,AC,047560
382900.KNT,Bumhan Fuel Cell Co Ltd,KNT,NEXTRADE,Batteries & Uninterruptable Power Supplies,Ordinary Share,AC,382900
003670.KNT,Posco Future M Co Ltd,KNT,NEXTRADE,Specialty Chemicals (NEC),Ordinary Share,AC,003670
096250.KNT,WiseNut INC,KNT,NEXTRADE,Software (NEC),Ordinary Share,AC,096250
002390.KNT,Handok Inc,KNT,NEXTRADE,Pharmaceuticals (NEC),Ordinary Share,AC,002390
226950.KNT,OliX Pharmaceuticals Inc,KNT,NEXTRADE,Bio Therapeutic Drugs,Ordinary Share,AC,226950
468530.KNT,Proteina Co Ltd,KNT,NEXTRADE,Bio Diagnostics & Testing,Ordinary Share,AC,468530
000500.KNT,Gaon Cable Co Ltd,KNT,NEXTRADE,Wires & Cables,Ordinary Share,AC,000500
278470.KNT,APR Co Ltd,KNT,NEXTRADE,Personal Products (NEC),Ordinary Share,AC,278470
109610.KNT,SY Co Ltd,KNT,NEXTRADE,Construction Supplies,Ordinary Share,AC,109610
093050.KNT,LF Corp,KNT,NEXTRADE,Apparel & Accessories (NEC),Ordinary Share,AC,093050
000050.KNT,Kyungbang Ltd,KNT,NEXTRADE,Yarn Goods,Ordinary Share,AC,000050
302440.KNT,SK Bioscience Co Ltd,KNT,NEXTRADE,Biopharmaceuticals,Ordinary Share,AC,302440
373220.KNT,LG Energy Solution Ltd,KNT,NEXTRADE,Batteries & Uninterruptable Power Supplies,Ordinary Share,AC,373220
028050.KNT,Samsung E&A Co Ltd,KNT,NEXTRADE,Industrial Plant Construction,Ordinary Share,AC,028050
290690.KNT,Solux Co Ltd,KNT,NEXTRADE,Lighting Equipment,Ordinary Share,AC,290690
004490.KNT,Sebang Global Battery Co Ltd,KNT,NEXTRADE,Automotive Batteries,Ordinary Share,AC,004490
214180.KNT,Hecto Innovation Co Ltd,KNT,NEXTRADE,Internet Security & Transactions Services,Ordinary Share,AC,214180
272450.KNT,Jin Air Co Ltd,KNT,NEXTRADE,Regional Airlines,Ordinary Share,AC,272450
140410.KNT,Mezzion Pharma Co Ltd,KNT,NEXTRADE,Proprietary & Advanced Pharmaceuticals,Ordinary Share,AC,140410
085660.KNT,Chabiotech Co Ltd,KNT,NEXTRADE,Healthcare Facilities & Services (NEC),Ordinary Share,AC,085660
007660.KNT,Isu Petasys Co Ltd,KNT,NEXTRADE,Integrated Circuits,Ordinary Share,AC,007660
042000.KNT,Cafe24 Corp,KNT,NEXTRADE,E-commerce & Auction Services,Ordinary Share,AC,042000
226330.KNT,SyntekaBio Inc,KNT,NEXTRADE,Server & Database Software,Ordinary Share,AC,226330
010690.KNT,Hwashin Co Ltd,KNT,NEXTRADE,Automotive Body Parts,Ordinary Share,AC,010690
009520.KNT,Posco M-Tech Co Ltd,KNT,NEXTRADE,Iron & Steel (NEC),Ordinary Share,AC,009520
045970.KNT,CoAsia Corp,KNT,NEXTRADE,Electronic Components,Ordinary Share,AC,045970
488280.KNT,S2W Inc,KNT,NEXTRADE,Software (NEC),Ordinary Share,AC,488280
140860.KNT,Park Systems Corp,KNT,NEXTRADE,Scientific & Precision Equipment,Ordinary Share,AC,140860
003690.KNT,Korean Reinsurance Co,KNT,NEXTRADE,Reinsurance (NEC),Ordinary Share,AC,003690
452450.KNT,PIE Co Ltd,KNT,NEXTRADE,IT Services & Consulting (NEC),Ordinary Share,AC,452450
096530.KNT,Seegene Inc,KNT,NEXTRADE,Bio Diagnostics & Testing,Ordinary Share,AC,096530
105840.KNT,Woojin Inc,KNT,NEXTRADE,Testing & Measuring Equipment,Ordinary Share,AC,105840
280360.KNT,Lotte WellFood Co Ltd,KNT,NEXTRADE,Frozen Food Manufacturing,Ordinary Share,AC,280360
055550.KNT,Shinhan Financial Group Co Ltd,KNT,NEXTRADE,Banks (NEC),Ordinary Share,AC,055550
282880.KNT,CowinTech Co Ltd,KNT,NEXTRADE,Industrial Machinery,Ordinary Share,AC,282880
032500.KNT,KMW Co Ltd,KNT,NEXTRADE,Broadcasting Equipment,Ordinary Share,AC,032500
285130.KNT,SK Chemicals Co Ltd,KNT,NEXTRADE,Plastics,Ordinary Share,AC,285130
393890.KNT,W-Scope Chungju Plant Co Ltd,KNT,NEXTRADE,Electrical Components & Equipment (NEC),Ordinary Share,AC,393890
499790.KNT,GS P&L Co Ltd,KNT,NEXTRADE,Hotels & Motels,Ordinary Share,AC,499790
045100.KNT,Hanyang ENG Co Ltd,KNT,NEXTRADE,Industrial Plant Construction,Ordinary Share,AC,045100
234340.KNT,Hecto Financial Co Ltd,KNT,NEXTRADE,Transaction & Payment Services,Ordinary Share,AC,234340
030200.KNT,KT Corp,KNT,NEXTRADE,Integrated Telecommunications Services (NEC),Ordinary Share,AC,030200
035600.KNT,KGInicis Co Ltd,KNT,NEXTRADE,Internet Security & Transactions Services,Ordinary Share,AC,035600
286940.KNT,Lotte Innovate Co Ltd,KNT,NEXTRADE,IT Services & Consulting (NEC),Ordinary Share,AC,286940
037270.KNT,YG Plus Inc,KNT,NEXTRADE,Advertising Agency,Ordinary Share,AC,037270
001750.KNT,Hanyang Securities Co Ltd,KNT,NEXTRADE,Investment Banking,Ordinary Share,AC,001750
054210.KNT,Elentec Co Ltd,KNT,NEXTRADE,Batteries & Uninterruptable Power Supplies,Ordinary Share,AC,054210
051500.KNT,CJ Freshway Corp,KNT,NEXTRADE,Food Wholesale,Ordinary Share,AC,051500
376900.KNT,Rokit Healthcare Inc,KNT,NEXTRADE,Bio Medical Devices,Ordinary Share,AC,376900
161890.KNT,Kolmar Korea Co Ltd,KNT,NEXTRADE,Cosmetics & Perfumes,Ordinary Share,AC,161890
435570.KNT,ERCOHS Agricultural Corp Co Ltd,KNT,NEXTRADE,Food Processing (NEC),Ordinary Share,AC,435570
011210.KNT,Hyundai Wia Corp,KNT,NEXTRADE,"Auto, Truck & Motorcycle Parts (NEC)",Ordinary Share,AC,011210
086710.KNT,Sunjin Beauty Science Co Ltd,KNT,NEXTRADE,Specialty Chemicals (NEC),Ordinary Share,AC,086710
099320.KNT,SatrecInitiativeCo Ltd,KNT,NEXTRADE,Satellite Design & Manufacture,Ordinary Share,AC,099320
138930.KNT,BNK Financial Group Inc,KNT,NEXTRADE,Banks (NEC),Ordinary Share,AC,138930
078520.KNT,Able C&C Co Ltd,KNT,NEXTRADE,Cosmetics & Perfumes,Ordinary Share,AC,078520
108320.KNT,LX Semicon Co Ltd,KNT,NEXTRADE,Integrated Circuits,Ordinary Share,AC,108320
319660.KNT,PSK Inc,KNT,NEXTRADE,Semiconductor Machinery Manufacturing,Ordinary Share,AC,319660
437730.KNT,Samhyun Co Ltd,KNT,NEXTRADE,"Auto, Truck & Motorcycle Parts (NEC)",Ordinary Share,AC,437730
059210.KNT,Metabiomed Co Ltd,KNT,NEXTRADE,"Medical Equipment, Supplies & Distribution (NEC)",Ordinary Share,AC,059210
003120.KNT,Ilsung IS Co Ltd,KNT,NEXTRADE,Generic Pharmaceuticals,Ordinary Share,AC,003120
456010.KNT,ICTK Co Ltd,KNT,NEXTRADE,Semiconductors (NEC),Ordinary Share,AC,456010
008930.KNT,Hanmi Science Co Ltd,KNT,NEXTRADE,Pharmaceuticals (NEC),Ordinary Share,AC,008930
011200.KNT,HMM Co Ltd,KNT,NEXTRADE,Marine Freight & Logistics (NEC),Ordinary Share,AC,011200
237880.KNT,Clio Cosmetics Co Ltd,KNT,NEXTRADE,Cosmetics & Perfumes,Ordinary Share,AC,237880
033500.KNT,Dongsung Finetec Co Ltd,KNT,NEXTRADE,Commodity Chemicals (NEC),Ordinary Share,AC,033500
210980.KNT,SK D&D Co Ltd,KNT,NEXTRADE,"Real Estate Rental, Development & Operations (NEC)",Ordinary Share,AC,210980
001340.KNT,PKC Co Ltd,KNT,NEXTRADE,Commodity Chemicals (NEC),Ordinary Share,AC,001340
454910.KNT,Doosan Robotics Inc,KNT,NEXTRADE,Industrial Machinery & Equipment (NEC),Ordinary Share,AC,454910
000070.KNT,Samyang Holdings Corp,KNT,NEXTRADE,Food Processing (NEC),Ordinary Share,AC,000070
230360.KNT,Echo Marketing Co Ltd,KNT,NEXTRADE,Apparel & Accessories (NEC),Ordinary Share,AC,230360
005290.KNT,Dongjin Semichem Co Ltd,KNT,NEXTRADE,Specialty Chemicals (NEC),Ordinary Share,AC,005290
375500.KNT,DL E&C Co Ltd,KNT,NEXTRADE,Construction & Engineering (NEC),Ordinary Share,AC,375500
003090.KNT,Daewoong Co Ltd,KNT,NEXTRADE,Generic Pharmaceuticals,Ordinary Share,AC,003090
029780.KNT,Samsung Card Co Ltd,KNT,NEXTRADE,Consumer Lending (NEC),Ordinary Share,AC,029780
067160.KNT,Soop Co Ltd,KNT,NEXTRADE,Online Services (NEC),Ordinary Share,AC,067160
089590.KNT,JejuAir Co Ltd,KNT,NEXTRADE,Airlines (NEC),Ordinary Share,AC,089590
473980.KNT,Knowmerce Corp,KNT,NEXTRADE,Entertainment Production (NEC),Ordinary Share,AC,473980
035510.KNT,Shinsegae Information & Communication Inc,KNT,NEXTRADE,IT Services & Consulting (NEC),Ordinary Share,AC,035510
481070.KNT,AU Brandz Co Ltd,KNT,NEXTRADE,Footwear Wholesale,Ordinary Share,AC,481070
016610.KNT,DB Securities Co,KNT,NEXTRADE,Investment Banking & Brokerage Services (NEC),Ordinary Share,AC,016610
211270.KNT,Asia Pacific Satellite lnc,KNT,NEXTRADE,Communications & Networking (NEC),Ordinary Share,AC,211270
018880.KNT,Hanon Systems,KNT,NEXTRADE,Automotive Systems,Ordinary Share,AC,018880
206560.KNT,Dexter Studios Co Ltd,KNT,NEXTRADE,"Movie, TV Production & Distribution",Ordinary Share,AC,206560
475580.KNT,Alux Co Ltd,KNT,NEXTRADE,Industrial Machinery,Ordinary Share,AC,475580
033240.KNT,Jahwa Electronics Co Ltd,KNT,NEXTRADE,Electronic Components,Ordinary Share,AC,033240
000210.KNT,DL Holdings Co Ltd,KNT,NEXTRADE,Plastics,Ordinary Share,AC,000210
020560.KNT,Asiana Airlines Inc,KNT,NEXTRADE,Airlines (NEC),Ordinary Share,AC,020560
090460.KNT,BH Co Ltd,KNT,NEXTRADE,Integrated Circuits,Ordinary Share,AC,090460
003490.KNT,Korean Air Lines Co Ltd,KNT,NEXTRADE,Airlines (NEC),Ordinary Share,AC,003490
069080.KNT,Webzen Inc,KNT,NEXTRADE,Internet Gaming,Ordinary Share,AC,069080
018260.KNT,Samsung SDS Co Ltd,KNT,NEXTRADE,Technology Consulting & Outsourcing Services,Ordinary Share,AC,018260
001460.KNT,BYC Co Ltd,KNT,NEXTRADE,Apparel & Accessories (NEC),Ordinary Share,AC,001460
389260.KNT,Dae Myoung Energy Co Ltd,KNT,NEXTRADE,Electric Power Plant Construction,Ordinary Share,AC,389260
306200.KNT,Seah Steel Corp,KNT,NEXTRADE,"Iron, Steel Mills & Foundries",Ordinary Share,AC,306200
006260.KNT,LS Corp,KNT,NEXTRADE,Wires & Cables,Ordinary Share,AC,006260
092040.KNT,Amicogen Inc,KNT,NEXTRADE,Bio Therapeutic Drugs,Ordinary Share,AC,092040
082740.KNT,Hanwha Engine Co Ltd,KNT,NEXTRADE,Ship Parts Manufacturers,Ordinary Share,AC,082740
034020.KNT,Doosan Enerbility Co Ltd,KNT,NEXTRADE,Heavy Electrical Equipment (NEC),Ordinary Share,AC,034020
025950.KNT,Dongshin Engineering & Construction,KNT,NEXTRADE,Construction & Engineering (NEC),Ordinary Share,AC,025950
290550.KNT,DK Tech Co Ltd,KNT,NEXTRADE,Integrated Circuits,Ordinary Share,AC,290550
090430.KNT,AmorePacific Corp,KNT,NEXTRADE,Cosmetics & Perfumes,Ordinary Share,AC,090430
394280.KNT,Openedges Technology Inc,KNT,NEXTRADE,IT Services & Consulting (NEC),Ordinary Share,AC,394280
036530.KNT,SNT Holdings Co Ltd,KNT,NEXTRADE,"Auto, Truck & Motorcycle Parts (NEC)",Ordinary Share,AC,036530
002240.KNT,Kiswire Co Ltd,KNT,NEXTRADE,"Iron, Steel Mills & Foundries",Ordinary Share,AC,002240
105560.KNT,KB Financial Group Inc,KNT,NEXTRADE,Banks (NEC),Ordinary Share,AC,105560
101970.KNT,Wooyang HC Co Ltd,KNT,NEXTRADE,Industrial Machinery & Equipment (NEC),Ordinary Share,AC,101970
017860.KNT,DS Dansuk Co Ltd,KNT,NEXTRADE,Oil & Gas Refining and Marketing (NEC),Ordinary Share,AC,017860
046890.KNT,Seoul Semiconductor Co Ltd,KNT,NEXTRADE,Integrated Circuits,Ordinary Share,AC,046890
452190.KNT,HBL Corp,KNT,NEXTRADE,Machine Tools,Ordinary Share,AC,452190
322000.KNT,HD Hyundai Energy Solutions Co Ltd,KNT,NEXTRADE,Photovoltaic Solar Systems & Equipment,Ordinary Share,AC,322000
484870.KNT,MNC Solution Co Ltd,KNT,NEXTRADE,Aerospace & Defense (NEC),Ordinary Share,AC,484870
381970.KNT,K Car Co Ltd,KNT,NEXTRADE,Used Car Dealers,Ordinary Share,AC,381970
136150.KNT,Wonil T&I Co Ltd,KNT,NEXTRADE,Industrial Machinery & Equipment (NEC),Ordinary Share,AC,136150
000720.KNT,Hyundai Engineering & Construction Co Ltd,KNT,NEXTRADE,Construction & Engineering (NEC),Ordinary Share,AC,000720
001200.KNT,Eugene Investment & Securities Co Ltd,KNT,NEXTRADE,Investment Banking & Brokerage Services (NEC),Ordinary Share,AC,001200
004800.KNT,Hyosung Corp,KNT,NEXTRADE,Consumer Goods Conglomerates,Ordinary Share,AC,004800
000240.KNT,Hankook & Company Co Ltd,KNT,NEXTRADE,Batteries & Uninterruptable Power Supplies,Ordinary Share,AC,000240
043150.KNT,Value Added Technology Co Ltd,KNT,NEXTRADE,Advanced Medical Equipment & Technology (NEC),Ordinary Share,AC,043150
110990.KNT,Digital Imaging Technology Inc,KNT,NEXTRADE,Testing & Measuring Equipment,Ordinary Share,AC,110990
008490.KNT,Suheung Co Ltd,KNT,NEXTRADE,Specialty Chemicals (NEC),Ordinary Share,AC,008490
402340.KNT,SK Square Co Ltd,KNT,NEXTRADE,Online Services (NEC),Ordinary Share,AC,402340
002350.KNT,Nexen Tire Corp,KNT,NEXTRADE,Tire & Tube Manufacturers,Ordinary Share,AC,002350
003550.KNT,LG Corp,KNT,NEXTRADE,IT Services & Consulting (NEC),Ordinary Share,AC,003550
016450.KNT,Hansae Yes24 Holdings Co Ltd,KNT,NEXTRADE,Apparel & Accessories (NEC),Ordinary Share,AC,016450
089860.KNT,Lotte Rental Co Ltd,KNT,NEXTRADE,Passenger Car Rental,Ordinary Share,AC,089860
138040.KNT,Meritz Financial Group Inc,KNT,NEXTRADE,Investment Holding Companies (NEC),Ordinary Share,AC,138040
003030.KNT,Seah Steel Holdings Corp,KNT,NEXTRADE,"Iron, Steel Mills & Foundries",Ordinary Share,AC,003030
293780.KNT,AptaBio Therapeutics Inc,KNT,NEXTRADE,Bio Therapeutic Drugs,Ordinary Share,AC,293780
011500.KNT,Hannong Chemicals Inc,KNT,NEXTRADE,Specialty Chemicals (NEC),Ordinary Share,AC,011500
228760.KNT,Genomictree Inc,KNT,NEXTRADE,Biotechnology & Medical Research (NEC),Ordinary Share,AC,228760
032190.KNT,Daou Data Corp,KNT,NEXTRADE,Investment Banking & Brokerage Services (NEC),Ordinary Share,AC,032190
028100.KNT,Dong-Ah Geological Engineering Co Ltd,KNT,NEXTRADE,Construction & Engineering (NEC),Ordinary Share,AC,028100
007310.KNT,Otoki Corp,KNT,NEXTRADE,Food Processing (NEC),Ordinary Share,AC,007310
317330.KNT,Duksan Techopia Co Ltd,KNT,NEXTRADE,Specialty Chemicals (NEC),Ordinary Share,AC,317330
095700.KNT,Genexine Inc,KNT,NEXTRADE,Bio Therapeutic Drugs,Ordinary Share,AC,095700
009300.KNT,Sam-A Pharm Co Ltd,KNT,NEXTRADE,Pharmaceuticals (NEC),Ordinary Share,AC,009300
403550.KNT,SoCar Inc,KNT,NEXTRADE,Passenger Car Rental,Ordinary Share,AC,403550
452430.KNT,Sapien Semiconductors Inc,KNT,NEXTRADE,Semiconductors (NEC),Ordinary Share,AC,452430
475830.KNT,Orum Therapeutics Inc,KNT,NEXTRADE,Bio Therapeutic Drugs,Ordinary Share,AC,475830
022100.KNT,Posco DX Co Ltd,KNT,NEXTRADE,Technology Consulting & Outsourcing Services,Ordinary Share,AC,022100
208370.KNT,Selvas Healthcare Inc,KNT,NEXTRADE,Advanced Medical Equipment & Technology (NEC),Ordinary Share,AC,208370
104830.KNT,Wonik Materials Co Ltd,KNT,NEXTRADE,Industrial Gases,Ordinary Share,AC,104830
006910.KNT,Bosung Power Technology Co Ltd,KNT,NEXTRADE,Heavy Electrical Equipment (NEC),Ordinary Share,AC,006910
086790.KNT,Hana Financial Group Inc,KNT,NEXTRADE,Banks (NEC),Ordinary Share,AC,086790
489500.KNT,LK Chem Co Ltd,KNT,NEXTRADE,Specialty Chemicals (NEC),Ordinary Share,AC,489500
071050.KNT,Korea Investment Holdings Co Ltd,KNT,NEXTRADE,Investment Banking & Brokerage Services (NEC),Ordinary Share,AC,071050
102460.KNT,Reyon Pharmaceutical Co Ltd,KNT,NEXTRADE,Pharmaceuticals (NEC),Ordinary Share,AC,102460
487570.KNT,HS Hyosung Corp,KNT,NEXTRADE,Investment Holding Companies (NEC),Ordinary Share,AC,487570
084370.KNT,Eugene Technology Co Ltd,KNT,NEXTRADE,Semiconductor Machinery Manufacturing,Ordinary Share,AC,084370
288330.KNT,Parataxis Korea Inc,KNT,NEXTRADE,Bio Therapeutic Drugs,Ordinary Share,AC,288330
192650.KNT,DreamTech Co Ltd,KNT,NEXTRADE,Semiconductors (NEC),Ordinary Share,AC,192650
028260.KNT,Samsung C&T Corp,KNT,NEXTRADE,Diversified Industrial Goods Wholesale,Ordinary Share,AC,028260
066570.KNT,LG Electronics Inc,KNT,NEXTRADE,Household Electronics (NEC),Ordinary Share,AC,066570
053280.KNT,Yes 24 Co Ltd,KNT,NEXTRADE,Internet & Mail Order Department Stores,Ordinary Share,AC,053280
456070.KNT,ENCell Co Ltd,KNT,NEXTRADE,Biotechnology & Medical Research (NEC),Ordinary Share,AC,456070
079430.KNT,Hyundai Livart Furniture Co Ltd,KNT,NEXTRADE,Diversified Industrial Goods Wholesale,Ordinary Share,AC,079430
051370.KNT,Interflex Co Ltd,KNT,NEXTRADE,Integrated Circuits,Ordinary Share,AC,051370
479960.KNT,Winners Elec Co Ltd,KNT,NEXTRADE,Switchgear,Ordinary Share,AC,479960
000390.KNT,SP Samhwa Co Ltd,KNT,NEXTRADE,Paints & Coatings,Ordinary Share,AC,000390
370090.KNT,Furonteer Co Ltd,KNT,NEXTRADE,Electronic Components,Ordinary Share,AC,370090
361610.KNT,SK IE Technology Co Ltd,KNT,NEXTRADE,Electrical Components & Equipment (NEC),Ordinary Share,AC,361610
298830.KNT,SureSoftTech Inc,KNT,NEXTRADE,IT Services & Consulting (NEC),Ordinary Share,AC,298830
020000.KNT,Handsome Corp,KNT,NEXTRADE,Apparel & Accessories (NEC),Ordinary Share,AC,020000
006620.KNT,DongKoo Bio & Pharma Co Ltd,KNT,NEXTRADE,Pharmaceuticals (NEC),Ordinary Share,AC,006620
012330.KNT,Hyundai Mobis Co Ltd,KNT,NEXTRADE,"Auto, Truck & Motorcycle Parts (NEC)",Ordinary Share,AC,012330
015360.KNT,Inveni Co Ltd,KNT,NEXTRADE,Natural Gas Distribution,Ordinary Share,AC,015360
263750.KNT,Pearl Abyss Corp,KNT,NEXTRADE,Internet Gaming,Ordinary Share,AC,263750
298020.KNT,Hyosung TNC Corp,KNT,NEXTRADE,Textiles & Leather Goods (NEC),Ordinary Share,AC,298020
025540.KNT,Korea Electric Terminal Co Ltd,KNT,NEXTRADE,Electrical Components,Ordinary Share,AC,025540
101930.KNT,Inhwa Precision Co Ltd,KNT,NEXTRADE,Ship Parts Manufacturers,Ordinary Share,AC,101930
000490.KNT,Daedong Corp,KNT,NEXTRADE,Agricultural Machinery,Ordinary Share,AC,000490
039030.KNT,EO Technics Co Ltd,KNT,NEXTRADE,Semiconductor Machinery Manufacturing,Ordinary Share,AC,039030
073240.KNT,Kumho Tire Co Inc,KNT,NEXTRADE,Tire & Tube Manufacturers,Ordinary Share,AC,073240
307750.KNT,Kukjeon Co Ltd,KNT,NEXTRADE,Generic Pharmaceuticals,Ordinary Share,AC,307750
476060.KNT,Onconic Therapeutics Inc,KNT,NEXTRADE,Bio Therapeutic Drugs,Ordinary Share,AC,476060
263860.KNT,Genians Inc,KNT,NEXTRADE,Technology Consulting & Outsourcing Services,Ordinary Share,AC,263860
001250.KNT,GS Global Corp,KNT,NEXTRADE,Metal Merchant Wholesale,Ordinary Share,AC,001250
146320.KNT,BCNC Co Ltd,KNT,NEXTRADE,Semiconductors (NEC),Ordinary Share,AC,146320
145720.KNT,Dentium Co Ltd,KNT,NEXTRADE,Medical Devices & Implants,Ordinary Share,AC,145720
075580.KNT,Sejin Heavy Industries Co Ltd,KNT,NEXTRADE,Ship Parts Manufacturers,Ordinary Share,AC,075580
271940.KNT,Iljin HySolus Co Ltd,KNT,NEXTRADE,"Auto, Truck & Motorcycle Parts (NEC)",Ordinary Share,AC,271940
048870.KNT,Synergy Innovation Co Ltd,KNT,NEXTRADE,Medical Devices & Implants,Ordinary Share,AC,048870
101360.KNT,Eco&Dream Co Ltd,KNT,NEXTRADE,Commodity Chemicals (NEC),Ordinary Share,AC,101360
348340.KNT,Neuromeka Co Ltd,KNT,NEXTRADE,Industrial Machinery & Equipment (NEC),Ordinary Share,AC,348340
120110.KNT,Kolon Industries Inc,KNT,NEXTRADE,Textiles & Leather Goods (NEC),Ordinary Share,AC,120110
328130.KNT,Lunit Inc,KNT,NEXTRADE,Medical Software & Technology Services,Ordinary Share,AC,328130
126700.KNT,HyVision System Inc,KNT,NEXTRADE,Testing & Measuring Equipment,Ordinary Share,AC,126700
440110.KNT,Fadu Inc,KNT,NEXTRADE,Semiconductors (NEC),Ordinary Share,AC,440110
419530.KNT,SAMG Entertainment Co Ltd,KNT,NEXTRADE,Toys & Children's Products (NEC),Ordinary Share,AC,419530
066970.KNT,L&F Co Ltd,KNT,NEXTRADE,Commodity Chemicals (NEC),Ordinary Share,AC,066970
214420.KNT,Tonymoly Co Ltd,KNT,NEXTRADE,Cosmetics & Perfumes,Ordinary Share,AC,214420
060720.KNT,KH Vatec Co Ltd,KNT,NEXTRADE,Electronic Components,Ordinary Share,AC,060720
060250.KNT,NHN KCP Corp,KNT,NEXTRADE,Internet Security & Transactions Services,Ordinary Share,AC,060250
043370.KNT,PHA Co Ltd,KNT,NEXTRADE,Automotive Accessories,Ordinary Share,AC,043370
183300.KNT,KoMiCo Ltd,KNT,NEXTRADE,Semiconductor Equipment & Testing (NEC),Ordinary Share,AC,183300
194700.KNT,Novarex Co Ltd,KNT,NEXTRADE,Special Foods & Wellbeing Products,Ordinary Share,AC,194700
030610.KNT,Kyobo Securities Co Ltd,KNT,NEXTRADE,Investment Banking & Brokerage Services (NEC),Ordinary Share,AC,030610
012320.KNT,Kyungdong Invest Co Ltd,KNT,NEXTRADE,Coal (NEC),Ordinary Share,AC,012320
178320.KNT,Seojin System Co Ltd,KNT,NEXTRADE,Communications & Networking (NEC),Ordinary Share,AC,178320
002810.KNT,Samyung Trading Co Ltd,KNT,NEXTRADE,Commodity Chemicals Wholesale,Ordinary Share,AC,002810
003920.KNT,Namyang Dairy Products Co Ltd,KNT,NEXTRADE,Dairy Products,Ordinary Share,AC,003920
089980.KNT,Sang-A Frontec Co Ltd,KNT,NEXTRADE,Electronic Equipment & Parts (NEC),Ordinary Share,AC,089980
005250.KNT,Green Cross Holdings,KNT,NEXTRADE,Pharmaceuticals (NEC),Ordinary Share,AC,005250
200130.KNT,KolmarBNH Co Ltd,KNT,NEXTRADE,Special Foods & Wellbeing Products,Ordinary Share,AC,200130
001040.KNT,CJ Corp,KNT,NEXTRADE,Food Processing (NEC),Ordinary Share,AC,001040
064260.KNT,Danal Co Ltd,KNT,NEXTRADE,Transaction & Payment Services,Ordinary Share,AC,064260
005690.KNT,Pharmicell Co Ltd,KNT,NEXTRADE,Biopharmaceuticals,Ordinary Share,AC,005690
058470.KNT,Leeno Industrial Inc,KNT,NEXTRADE,Semiconductor Equipment & Testing (NEC),Ordinary Share,AC,058470
285490.KNT,NovaTech Co Ltd,KNT,NEXTRADE,Electronic Components,Ordinary Share,AC,285490
123330.KNT,Genic Co Ltd,KNT,NEXTRADE,Cosmetics & Perfumes,Ordinary Share,AC,123330
005440.KNT,Hyundai GF Holdings Co Ltd,KNT,NEXTRADE,Furniture,Ordinary Share,AC,005440
316140.KNT,Woori Financial Group Inc,KNT,NEXTRADE,Banks (NEC),Ordinary Share,AC,316140
006280.KNT,GC Biopharma Corp,KNT,NEXTRADE,Pharmaceuticals (NEC),Ordinary Share,AC,006280
340570.KNT,T&L Co Ltd,KNT,NEXTRADE,"Medical Equipment, Supplies & Distribution (NEC)",Ordinary Share,AC,340570
126720.KNT,Soosan Industries Co Ltd,KNT,NEXTRADE,Electric Power Plant Construction,Ordinary Share,AC,126720
357780.KNT,SoulBrain Co Ltd,KNT,NEXTRADE,Specialty Chemicals (NEC),Ordinary Share,AC,357780
087010.KNT,Peptron Inc,KNT,NEXTRADE,Bio Therapeutic Drugs,Ordinary Share,AC,087010
214320.KNT,Innocean Worldwide Inc,KNT,NEXTRADE,Advertising & Marketing (NEC),Ordinary Share,AC,214320
035720.KNT,Kakao Corp,KNT,NEXTRADE,Online Services (NEC),Ordinary Share,AC,035720
458870.KNT,Seers Co Ltd,KNT,NEXTRADE,Advanced Medical Equipment & Technology (NEC),Ordinary Share,AC,458870
028300.KNT,HLB Inc,KNT,NEXTRADE,"Medical Equipment, Supplies & Distribution (NEC)",Ordinary Share,AC,028300
102710.KNT,ENF Technology Co Ltd,KNT,NEXTRADE,Specialty Chemicals (NEC),Ordinary Share,AC,102710
004990.KNT,Lotte Corp,KNT,NEXTRADE,Department Stores (NEC),Ordinary Share,AC,004990
378340.KNT,PhilEnergy Co Ltd,KNT,NEXTRADE,Electrical Components & Equipment (NEC),Ordinary Share,AC,378340
091700.KNT,Partron Co Ltd,KNT,NEXTRADE,Electronic Components,Ordinary Share,AC,091700
100790.KNT,Mirae Asset Venture Investment Co Ltd,KNT,NEXTRADE,Venture Capital,Ordinary Share,AC,100790
108670.KNT,LX Hausys Ltd,KNT,NEXTRADE,Construction Supplies & Fixtures (NEC),Ordinary Share,AC,108670
344820.KNT,KCC Glass Corp,KNT,NEXTRADE,Construction Supplies & Fixtures (NEC),Ordinary Share,AC,344820
038290.KNT,Macrogen Inc,KNT,NEXTRADE,Biotechnology & Medical Research (NEC),Ordinary Share,AC,038290
039440.KNT,STI Co Ltd,KNT,NEXTRADE,Semiconductor Equipment & Testing (NEC),Ordinary Share,AC,039440
117580.KNT,Daesung Energy Co Ltd,KNT,NEXTRADE,Natural Gas Distribution,Ordinary Share,AC,117580
004090.KNT,Korea Petroleum Industries Co,KNT,NEXTRADE,Tile & Paving Material Manufacturing,Ordinary Share,AC,004090
265520.KNT,Advanced Process Systems Corp,KNT,NEXTRADE,Semiconductor Machinery Manufacturing,Ordinary Share,AC,265520
257720.KNT,Silicon 2 Co Ltd,KNT,NEXTRADE,E-commerce & Auction Services,Ordinary Share,AC,257720
086280.KNT,Hyundai Glovis Co Ltd,KNT,NEXTRADE,Integrated Logistics Operators,Ordinary Share,AC,086280
273640.KNT,YM Tech Co Ltd,KNT,NEXTRADE,Switchgear,Ordinary Share,AC,273640
253590.KNT,Neosem Inc,KNT,NEXTRADE,Semiconductor Testing Equipment & Service,Ordinary Share,AC,253590
036620.KNT,Gamsung Corporation Co Ltd,KNT,NEXTRADE,Apparel & Accessories (NEC),Ordinary Share,AC,036620
033270.KNT,Korea United Pharm Inc,KNT,NEXTRADE,Generic Pharmaceuticals,Ordinary Share,AC,033270
475560.KNT,The Born Korea Co Ltd,KNT,NEXTRADE,Restaurants & Bars (NEC),Ordinary Share,AC,475560
456040.KNT,OCI Co Ltd,KNT,NEXTRADE,Commodity Chemicals (NEC),Ordinary Share,AC,456040
040300.KNT,YTN,KNT,NEXTRADE,Television Broadcasting,Ordinary Share,AC,040300
372170.KNT,Yunsung F&C Co Ltd,KNT,NEXTRADE,Industrial Machinery & Equipment (NEC),Ordinary Share,AC,372170
004170.KNT,Shinsegae Inc,KNT,NEXTRADE,General Department Stores,Ordinary Share,AC,004170
009470.KNT,Samwha Electric Co Ltd,KNT,NEXTRADE,Electronic Components,Ordinary Share,AC,009470
108490.KNT,Robotis Co Ltd,KNT,NEXTRADE,Electronic Components,Ordinary Share,AC,108490
365340.KNT,SungEel HiTech Co Ltd,KNT,NEXTRADE,"Waste Management, Disposal & Recycling Services",Ordinary Share,AC,365340
094480.KNT,GalaxiaMoneyTree Co Ltd,KNT,NEXTRADE,Internet Security & Transactions Services,Ordinary Share,AC,094480
000970.KNT,Korea Castiron Pipe Ind Co Ltd,KNT,NEXTRADE,"Iron, Steel Mills & Foundries",Ordinary Share,AC,000970
138610.KNT,Nibec Co Ltd,KNT,NEXTRADE,Bio Medical Devices,Ordinary Share,AC,138610
453340.KNT,Hyundai Green Food Co Ltd,KNT,NEXTRADE,Food Retail & Distribution (NEC),Ordinary Share,AC,453340
457550.KNT,WoojinNTec Inc,KNT,NEXTRADE,Industrial Machinery,Ordinary Share,AC,457550
005070.KNT,Cosmo Advanced Materials & Technology Co Ltd,KNT,NEXTRADE,Commodity Chemicals (NEC),Ordinary Share,AC,005070
475430.KNT,Kistron Co Ltd(Gyeonggi-do),KNT,NEXTRADE,Electric Utilities (NEC),Ordinary Share,AC,475430
424870.KNT,ImmuneOncia Therapeutics Inc,KNT,NEXTRADE,Bio Therapeutic Drugs,Ordinary Share,AC,424870
007160.KNT,Sajo Industries Co Ltd,KNT,NEXTRADE,Seafood Product Preparation & Packaging,Ordinary Share,AC,007160
461300.KNT,I Scream Media Co Ltd,KNT,NEXTRADE,Miscellaneous Educational Service Providers,Ordinary Share,AC,461300
003530.KNT,Hanwha Investment&Securities Co Ltd,KNT,NEXTRADE,Investment Banking & Brokerage Services (NEC),Ordinary Share,AC,003530
218410.KNT,RFHIC Corp,KNT,NEXTRADE,Integrated Circuits,Ordinary Share,AC,218410
065680.KNT,Uju Electronics Co Ltd,KNT,NEXTRADE,Electronic Components,Ordinary Share,AC,065680
397030.KNT,AprilBio Co Ltd,KNT,NEXTRADE,Bio Therapeutic Drugs,Ordinary Share,AC,397030
052690.KNT,KEPCO Engineering & Construction Co Inc,KNT,NEXTRADE,Nuclear Power Plant Construction,Ordinary Share,AC,052690
006360.KNT,GS Engineering & Construction Corp,KNT,NEXTRADE,Construction & Engineering (NEC),Ordinary Share,AC,006360
086520.KNT,Ecopro Co Ltd,KNT,NEXTRADE,Commodity Chemicals (NEC),Ordinary Share,AC,086520
078340.KNT,Com2uSCorp,KNT,NEXTRADE,Mobile Application Software,Ordinary Share,AC,078340
199430.KNT,KNRSystems Inc,KNT,NEXTRADE,Electrical Measuring & Testing Instruments,Ordinary Share,AC,199430
000640.KNT,Dong-A Socio Holdings Co Ltd,KNT,NEXTRADE,Pharmaceuticals (NEC),Ordinary Share,AC,000640
041510.KNT,SM Entertainment Co Ltd,KNT,NEXTRADE,"Music, Music Video Production & Distribution",Ordinary Share,AC,041510
002380.KNT,KCC Corp,KNT,NEXTRADE,Commodity Chemicals (NEC),Ordinary Share,AC,002380
080220.KNT,Jeju Semiconductor Corp,KNT,NEXTRADE,Memory Chips (RAM),Ordinary Share,AC,080220
294090.KNT,EOFlow Co Ltd,KNT,NEXTRADE,Medical Equipment,Ordinary Share,AC,294090
030190.KNT,Nice Information Service Co Ltd,KNT,NEXTRADE,Professional Information Services (NEC),Ordinary Share,AC,030190
114810.KNT,Hansol IOnes Co Ltd,KNT,NEXTRADE,Semiconductor Equipment & Testing (NEC),Ordinary Share,AC,114810
402030.KNT,Konan Technology Inc,KNT,NEXTRADE,Software (NEC),Ordinary Share,AC,402030
036800.KNT,Nice Information & Telecommunication Inc,KNT,NEXTRADE,Internet Security & Transactions Services,Ordinary Share,AC,036800
282720.KNT,Kumyang Green Power Co Ltd,KNT,NEXTRADE,Electric Power Plant Construction,Ordinary Share,AC,282720
009830.KNT,Hanwha Solutions Corp,KNT,NEXTRADE,Photovoltaic Solar Systems & Equipment,Ordinary Share,AC,009830
003240.KNT,Taekwang Industrial Co Ltd,KNT,NEXTRADE,Plastics,Ordinary Share,AC,003240
214430.KNT,I3System Inc,KNT,NEXTRADE,Electronic Components,Ordinary Share,AC,214430
125020.KNT,TC Materials Co Ltd,KNT,NEXTRADE,Wires & Cables,Ordinary Share,AC,125020
443060.KNT,HD Hyundai Marine Solution Co Ltd,KNT,NEXTRADE,Ship Repairing & Maintenance,Ordinary Share,AC,443060
036570.KNT,NC Corp,KNT,NEXTRADE,Internet Gaming,Ordinary Share,AC,036570
003720.KNT,Samyoung Co Ltd,KNT,NEXTRADE,Plastic Containers & Packaging,Ordinary Share,AC,003720
123690.KNT,Hankook Cosmetics Co Ltd,KNT,NEXTRADE,Personal Care Products Retailers,Ordinary Share,AC,123690
029480.KNT,Kwangmu Co Ltd,KNT,NEXTRADE,IT Services & Consulting (NEC),Ordinary Share,AC,029480
005420.KNT,Cosmo Chemical Co Ltd,KNT,NEXTRADE,Commodity Chemicals (NEC),Ordinary Share,AC,005420
371950.KNT,Poongwon Precision Co Ltd,KNT,NEXTRADE,Electronic Components,Ordinary Share,AC,371950
002790.KNT,AmorePacific Holdings Corp,KNT,NEXTRADE,Cosmetics & Perfumes,Ordinary Share,AC,002790
004690.KNT,Samchully Co Ltd,KNT,NEXTRADE,Natural Gas Distribution,Ordinary Share,AC,004690
336680.KNT,Top Run Total Solution Co Ltd,KNT,NEXTRADE,Electronic Equipment & Parts (NEC),Ordinary Share,AC,336680
036810.KNT,Fine Semitech Corp,KNT,NEXTRADE,Semiconductor Equipment & Testing (NEC),Ordinary Share,AC,036810
016590.KNT,Shindaeyang Paper Co Ltd,KNT,NEXTRADE,Paper Packaging (NEC),Ordinary Share,AC,016590
383800.KNT,LX Holdings Corp,KNT,NEXTRADE,Investment Holding Companies (NEC),Ordinary Share,AC,383800
012510.KNT,Douzone Bizon Co Ltd,KNT,NEXTRADE,Enterprise Software,Ordinary Share,AC,012510
026890.KNT,Stic Investments Inc,KNT,NEXTRADE,Investment Management & Fund Operators (NEC),Ordinary Share,AC,026890
005940.KNT,NH Investment & Securities Co Ltd,KNT,NEXTRADE,Investment Banking & Brokerage Services (NEC),Ordinary Share,AC,005940
039980.KNT,Polaris AI Corp,KNT,NEXTRADE,IT Services & Consulting (NEC),Ordinary Share,AC,039980
042660.KNT,Hanwha Ocean Co Ltd,KNT,NEXTRADE,Shipbuilding (NEC),Ordinary Share,AC,042660
272290.KNT,INNOX Advanced Materials Co Ltd,KNT,NEXTRADE,Semiconductors (NEC),Ordinary Share,AC,272290
017960.KNT,Hankuk Carbon Co Ltd,KNT,NEXTRADE,Commodity Chemicals (NEC),Ordinary Share,AC,017960
254490.KNT,Mirai Semiconductors Co Ltd,KNT,NEXTRADE,Semiconductor Wholesale,Ordinary Share,AC,254490
264850.KNT,Elensys Co Ltd,KNT,NEXTRADE,Industrial Machinery & Equipment (NEC),Ordinary Share,AC,264850
259630.KNT,mPlus Corp,KNT,NEXTRADE,Industrial Machinery,Ordinary Share,AC,259630
472850.KNT,Pond Group Co Ltd,KNT,NEXTRADE,Apparel Wholesale,Ordinary Share,AC,472850
038500.KNT,Sampyo Cement Co Ltd,KNT,NEXTRADE,Cement & Concrete Manufacturing,Ordinary Share,AC,038500
039200.KNT,Oscotec Inc,KNT,NEXTRADE,Proprietary & Advanced Pharmaceuticals,Ordinary Share,AC,039200
001130.KNT,DaeHan Flour Mill Co Ltd,KNT,NEXTRADE,Flour Milling,Ordinary Share,AC,001130
003540.KNT,Daishin Securities Co Ltd,KNT,NEXTRADE,Investment Banking & Brokerage Services (NEC),Ordinary Share,AC,003540
005300.KNT,Lotte Chilsung Beverage Co Ltd,KNT,NEXTRADE,Non-Alcoholic Beverages (NEC),Ordinary Share,AC,005300
377450.KNT,Refine Co Ltd,KNT,NEXTRADE,Consumer Lending (NEC),Ordinary Share,AC,377450
092870.KNT,Exicon Co Ltd,KNT,NEXTRADE,Semiconductor Equipment & Testing (NEC),Ordinary Share,AC,092870
445680.KNT,Curiox BioSystems Co Ltd,KNT,NEXTRADE,Bio Diagnostics & Testing,Ordinary Share,AC,445680
007570.KNT,Ilyang Pharmaceutical Co Ltd,KNT,NEXTRADE,Generic Pharmaceuticals,Ordinary Share,AC,007570
323410.KNT,KakaoBank Corp,KNT,NEXTRADE,Banks (NEC),Ordinary Share,AC,323410
117730.KNT,T-Robotics Co Ltd,KNT,NEXTRADE,Industrial Machinery,Ordinary Share,AC,117730
144510.KNT,GC Cell Corp,KNT,NEXTRADE,Medical & Diagnostic Laboratories,Ordinary Share,AC,144510
111770.KNT,Youngone Corp,KNT,NEXTRADE,Sportswear & Outdoors Clothing,Ordinary Share,AC,111770
108860.KNT,Selvas AI Inc,KNT,NEXTRADE,Machine Learning & Artificial Intelligence (AI) Services,Ordinary Share,AC,108860
145990.KNT,Samyang Corp,KNT,NEXTRADE,Food Processing (NEC),Ordinary Share,AC,145990
028670.KNT,Pan Ocean Co Ltd,KNT,NEXTRADE,Marine Freight & Logistics (NEC),Ordinary Share,AC,028670
214370.KNT,Caregen Co Ltd,KNT,NEXTRADE,Generic Pharmaceuticals,Ordinary Share,AC,214370
217590.KNT,TMC Co Ltd,KNT,NEXTRADE,Wires & Cables,Ordinary Share,AC,217590
281740.KNT,Lake Materials Co Ltd,KNT,NEXTRADE,Specialty Chemicals (NEC),Ordinary Share,AC,281740
088350.KNT,Hanwha Life Insurance Co Ltd,KNT,NEXTRADE,Life & Health Insurance (NEC),Ordinary Share,AC,088350
003200.KNT,Ilshin Spinning Co Ltd,KNT,NEXTRADE,Yarn Goods,Ordinary Share,AC,003200
170900.KNT,Dong-A ST Co Ltd,KNT,NEXTRADE,Proprietary & Advanced Pharmaceuticals,Ordinary Share,AC,170900
041440.KNT,Hyundai Everdigm Corp,KNT,NEXTRADE,Heavy Machinery & Vehicles (NEC),Ordinary Share,AC,041440
298050.KNT,HS Hyosung Advanced Materials Corp,KNT,NEXTRADE,Textiles & Leather Goods (NEC),Ordinary Share,AC,298050
079370.KNT,ZeusCo Ltd,KNT,NEXTRADE,Semiconductor Equipment & Testing (NEC),Ordinary Share,AC,079370
078930.KNT,GS Holdings Corp,KNT,NEXTRADE,Independent Power Producers (NEC),Ordinary Share,AC,078930
078160.KNT,Medipost Co Ltd,KNT,NEXTRADE,Biotechnology & Medical Research (NEC),Ordinary Share,AC,078160
300720.KNT,Hanil Cement Co Ltd,KNT,NEXTRADE,Cement & Concrete Manufacturing,Ordinary Share,AC,300720
461030.KNT,IMBDX Inc,KNT,NEXTRADE,Bio Diagnostics & Testing,Ordinary Share,AC,461030
215600.KNT,SillaJen Inc,KNT,NEXTRADE,Bio Therapeutic Drugs,Ordinary Share,AC,215600
115180.KNT,Qurient Co Ltd,KNT,NEXTRADE,Pharmaceuticals Wholesale,Ordinary Share,AC,115180
003960.KNT,Sajodaerim Corp,KNT,NEXTRADE,Seafood Product Preparation & Packaging,Ordinary Share,AC,003960
383310.KNT,Ecopro HN Co Ltd,KNT,NEXTRADE,Environmental Services & Equipment (NEC),Ordinary Share,AC,383310
025980.KNT,Ananti Inc,KNT,NEXTRADE,Golf Courses,Ordinary Share,AC,025980
004560.KNT,Hyundai BNG Steel Co Ltd,KNT,NEXTRADE,"Iron, Steel Mills & Foundries",Ordinary Share,AC,004560
185750.KNT,Chong Kun Dang Pharmaceutical Corp,KNT,NEXTRADE,Generic Pharmaceuticals,Ordinary Share,AC,185750
226400.KNT,Osteonic Co Ltd,KNT,NEXTRADE,Medical Devices & Implants,Ordinary Share,AC,226400
119610.KNT,Interojo Co Ltd,KNT,NEXTRADE,"Glasses, Spectacles & Contact Lenses",Ordinary Share,AC,119610
004000.KNT,Lotte Fine Chemical Co Ltd,KNT,NEXTRADE,Diversified Chemicals,Ordinary Share,AC,004000
102120.KNT,Abov Semiconductor Co Ltd,KNT,NEXTRADE,Integrated Circuits,Ordinary Share,AC,102120
004360.KNT,Sebang Co Ltd,KNT,NEXTRADE,Ground Freight & Logistics (NEC),Ordinary Share,AC,004360
004700.KNT,Chokwang Leather Co Ltd,KNT,NEXTRADE,Leather Goods,Ordinary Share,AC,004700
084690.KNT,Daesang Holdings Co Ltd,KNT,NEXTRADE,Food Processing (NEC),Ordinary Share,AC,084690
200710.KNT,ADTechnology Co Ltd,KNT,NEXTRADE,Integrated Circuits,Ordinary Share,AC,200710
011780.KNT,Kumho Petro Chemical Co Ltd,KNT,NEXTRADE,Tires & Rubber Products (NEC),Ordinary Share,AC,011780
305090.KNT,Micro Digital Co Ltd,KNT,NEXTRADE,"Medical Equipment, Supplies & Distribution (NEC)",Ordinary Share,AC,305090
119850.KNT,GnCenergy Co Ltd,KNT,NEXTRADE,Heavy Motors & Generators,Ordinary Share,AC,119850
100840.KNT,SNTEnergy Co Ltd,KNT,NEXTRADE,Construction & Engineering (NEC),Ordinary Share,AC,100840
417010.KNT,NanoTim Co Ltd,KNT,NEXTRADE,Adhesive & Epoxy,Ordinary Share,AC,417010
002320.KNT,Hanjin Logistics Corp,KNT,NEXTRADE,Courier Services,Ordinary Share,AC,002320
064760.KNT,Tokai Carbon Korea Co Ltd,KNT,NEXTRADE,Semiconductors (NEC),Ordinary Share,AC,064760
060980.KNT,HL Holdings Corp,KNT,NEXTRADE,"Auto, Truck & Motorcycle Parts (NEC)",Ordinary Share,AC,060980
403870.KNT,HPSP Co Ltd,KNT,NEXTRADE,Semiconductor Machinery Manufacturing,Ordinary Share,AC,403870
010060.KNT,OCI Holdings Co Ltd,KNT,NEXTRADE,Commodity Chemicals (NEC),Ordinary Share,AC,010060
277810.KNT,Rainbow Robotics,KNT,NEXTRADE,Advanced Electronic Equipment,Ordinary Share,AC,277810
083450.KNT,Global Standard Technology Co Ltd,KNT,NEXTRADE,Semiconductor Equipment & Testing (NEC),Ordinary Share,AC,083450
147830.KNT,Cheryong Industrial Co Ltd,KNT,NEXTRADE,Construction Supplies & Fixtures (NEC),Ordinary Share,AC,147830
053580.KNT,WebCash Corp,KNT,NEXTRADE,Business to Business,Ordinary Share,AC,053580
007700.KNT,F&F Holdings Co Ltd,KNT,NEXTRADE,Apparel & Accessories (NEC),Ordinary Share,AC,007700
001820.KNT,Samwha Capacitor Co Ltd,KNT,NEXTRADE,Electronic Components,Ordinary Share,AC,001820
368770.KNT,FiberPro Inc,KNT,NEXTRADE,Electronic Equipment & Parts (NEC),Ordinary Share,AC,368770
051360.KNT,Tovis Co Ltd,KNT,NEXTRADE,Electronic Equipment & Parts (NEC),Ordinary Share,AC,051360
338840.KNT,Y Biologics Inc,KNT,NEXTRADE,Bio Diagnostics & Testing,Ordinary Share,AC,338840
004430.KNT,Songwon Industrial Co Ltd,KNT,NEXTRADE,Diversified Chemicals,Ordinary Share,AC,004430
101490.KNT,S&S Tech Corp,KNT,NEXTRADE,Integrated Circuits,Ordinary Share,AC,101490
358570.KNT,GI Innovation Inc,KNT,NEXTRADE,Biotechnology & Medical Research (NEC),Ordinary Share,AC,358570
294870.KNT,IPark Hyundai Development Co,KNT,NEXTRADE,Construction & Engineering (NEC),Ordinary Share,AC,294870
089010.KNT,Chemtronics Co Ltd,KNT,NEXTRADE,Electronic Equipment & Parts (NEC),Ordinary Share,AC,089010
443250.KNT,RevuCorporation Inc,KNT,NEXTRADE,Advertising & Marketing (NEC),Ordinary Share,AC,443250
008830.KNT,DaedongGear,KNT,NEXTRADE,Industrial Machinery & Equipment (NEC),Ordinary Share,AC,008830
123410.KNT,Korea Fuel-Tech Corp,KNT,NEXTRADE,Engine & Powertrain Systems,Ordinary Share,AC,123410
025770.KNT,Korea Information & Communications Co Ltd,KNT,NEXTRADE,Transaction & Payment Services,Ordinary Share,AC,025770
000100.KNT,Yuhan Corp,KNT,NEXTRADE,Proprietary & Advanced Pharmaceuticals,Ordinary Share,AC,000100
452280.KNT,Hansun Engineering Co Ltd,KNT,NEXTRADE,Industrial Machinery & Equipment (NEC),Ordinary Share,AC,452280
282330.KNT,BGF Retail Co Ltd,KNT,NEXTRADE,Supermarkets & Convenience Stores,Ordinary Share,AC,282330
064090.KNT,InkredibleBuzz Inc,KNT,NEXTRADE,Apparel Wholesale,Ordinary Share,AC,064090
058430.KNT,Posco Steeleon Co Ltd,KNT,NEXTRADE,"Iron, Steel Mills & Foundries",Ordinary Share,AC,058430
456160.KNT,G2GBio Inc,KNT,NEXTRADE,Biotechnology & Medical Research (NEC),Ordinary Share,AC,456160
058610.KNT,SPG Co Ltd,KNT,NEXTRADE,Portable Motors & Generators,Ordinary Share,AC,058610
179290.KNT,MITech Co Ltd,KNT,NEXTRADE,Medical Devices & Implants,Ordinary Share,AC,179290
005090.KNT,SGC Energy Co Ltd,KNT,NEXTRADE,Alternative Electric Utilities,Ordinary Share,AC,005090
025860.KNT,Namhae Chemical Corp,KNT,NEXTRADE,Fertilizers,Ordinary Share,AC,025860
241770.KNT,Mecaro Co Ltd,KNT,NEXTRADE,Specialty Chemicals (NEC),Ordinary Share,AC,241770
251270.KNT,Netmarble Corp,KNT,NEXTRADE,Internet Gaming,Ordinary Share,AC,251270
199820.KNT,Cheil Electric Co Ltd,KNT,NEXTRADE,Electrical Components,Ordinary Share,AC,199820
035760.KNT,CJ ENM Co Ltd,KNT,NEXTRADE,Entertainment Production (NEC),Ordinary Share,AC,035760
194480.KNT,Devsisters Corp,KNT,NEXTRADE,Mobile Application Software,Ordinary Share,AC,194480
192400.KNT,Cuckoo Holdings Co Ltd,KNT,NEXTRADE,Kitchen Appliances,Ordinary Share,AC,192400
009290.KNT,Kwangdong Pharmaceutical Co Ltd,KNT,NEXTRADE,Generic Pharmaceuticals,Ordinary Share,AC,009290
363280.KNT,TY Holdings Co Ltd,KNT,NEXTRADE,Leisure & Recreation (NEC),Ordinary Share,AC,363280
060590.KNT,CTC Bio Inc,KNT,NEXTRADE,Pharmaceuticals (NEC),Ordinary Share,AC,060590
243840.KNT,Shin Heung Energy & Electronics Co Ltd,KNT,NEXTRADE,Electrical Components & Equipment (NEC),Ordinary Share,AC,243840
131290.KNT,TSE Co Ltd,KNT,NEXTRADE,Semiconductor Testing Equipment & Service,Ordinary Share,AC,131290
407400.KNT,Ggumbi Inc,KNT,NEXTRADE,Home Furnishings (NEC),Ordinary Share,AC,407400
453860.KNT,AS Tech Co Ltd,KNT,NEXTRADE,Commodity Chemicals (NEC),Ordinary Share,AC,453860
009970.KNT,Youngone Holdings Co Ltd,KNT,NEXTRADE,Sportswear & Outdoors Clothing,Ordinary Share,AC,009970
032640.KNT,LG Uplus Corp,KNT,NEXTRADE,Wireless Telecommunications Services (NEC),Ordinary Share,AC,032640
334970.KNT,Prestige Biologics Co Ltd,KNT,NEXTRADE,Biopharmaceuticals,Ordinary Share,AC,334970
362320.KNT,ChungdamGlobal Co Ltd,KNT,NEXTRADE,Personal Care Products Retailers,Ordinary Share,AC,362320
020150.KNT,Lotte Energy Materials Corp,KNT,NEXTRADE,Integrated Circuits,Ordinary Share,AC,020150
011170.KNT,Lotte Chemical Corp,KNT,NEXTRADE,Plastics,Ordinary Share,AC,011170
068270.KNT,Celltrion Inc,KNT,NEXTRADE,Biotechnology & Medical Research (NEC),Ordinary Share,AC,068270
293490.KNT,Kakao Games Corp,KNT,NEXTRADE,Mobile Application Software,Ordinary Share,AC,293490
448900.KNT,PIM Korea Co Ltd,KNT,NEXTRADE,Industrial Machinery & Equipment (NEC),Ordinary Share,AC,448900
096770.KNT,SK Innovation Co Ltd,KNT,NEXTRADE,Oil & Gas Refining and Marketing (NEC),Ordinary Share,AC,096770
394800.KNT,3Billion Inc,KNT,NEXTRADE,Bio Diagnostics & Testing,Ordinary Share,AC,394800
013580.KNT,Kye-Ryong Construction Industrial Co Ltd,KNT,NEXTRADE,Construction & Engineering (NEC),Ordinary Share,AC,013580
033780.KNT,KT&G Corp,KNT,NEXTRADE,Cigars & Cigarette Manufacturing,Ordinary Share,AC,033780
015760.KNT,Korea Electric Power Corp,KNT,NEXTRADE,Electric Utilities (NEC),Ordinary Share,AC,015760
042370.KNT,Vitzro Tech Co Ltd,KNT,NEXTRADE,Batteries & Uninterruptable Power Supplies,Ordinary Share,AC,042370
007340.KNT,DN Automotive Corp,KNT,NEXTRADE,"Auto, Truck & Motorcycle Parts (NEC)",Ordinary Share,AC,007340
007810.KNT,Korea Circuit Co Ltd,KNT,NEXTRADE,Integrated Circuits,Ordinary Share,AC,007810
003580.KNT,HLB Global Co Ltd,KNT,NEXTRADE,Construction Material Processing,Ordinary Share,AC,003580
017800.KNT,Hyundai Elevator Co Ltd,KNT,NEXTRADE,Elevator & Conveying Equipment,Ordinary Share,AC,017800
014830.KNT,Unid Co Ltd,KNT,NEXTRADE,Commodity Chemicals (NEC),Ordinary Share,AC,014830
053300.KNT,Korea Information Certificate Authority Inc,KNT,NEXTRADE,System Software,Ordinary Share,AC,053300
003070.KNT,Kolon Global Corp,KNT,NEXTRADE,Construction & Engineering (NEC),Ordinary Share,AC,003070
097520.KNT,MCNex Co Ltd,KNT,NEXTRADE,Electronic Components,Ordinary Share,AC,097520
019210.KNT,YG-1 Co Ltd,KNT,NEXTRADE,Machine Tools,Ordinary Share,AC,019210
241590.KNT,Hwaseung Enterprise Co Ltd,KNT,NEXTRADE,Sports & Outdoor Footwear,Ordinary Share,AC,241590
046210.KNT,HLB PanaGene Co Ltd,KNT,NEXTRADE,Bio Diagnostics & Testing,Ordinary Share,AC,046210
064400.KNT,LG CNS Co Ltd,KNT,NEXTRADE,IT Services & Consulting (NEC),Ordinary Share,AC,064400
002710.KNT,TCC Steel Corp,KNT,NEXTRADE,Metal Service Centers,Ordinary Share,AC,002710
032820.KNT,Woori Technology Inc,KNT,NEXTRADE,Testing & Measuring Equipment,Ordinary Share,AC,032820
112040.KNT,WeMade Co Ltd,KNT,NEXTRADE,Internet Gaming,Ordinary Share,AC,112040
175330.KNT,JB Financial Group Co Ltd,KNT,NEXTRADE,Retail & Mortgage Banks,Ordinary Share,AC,175330
241560.KNT,Doosan Bobcat Inc,KNT,NEXTRADE,Construction Machinery,Ordinary Share,AC,241560
289220.KNT,GiantStep Inc,KNT,NEXTRADE,Entertainment Production (NEC),Ordinary Share,AC,289220
137310.KNT,SD Biosensor Inc,KNT,NEXTRADE,Laboratory Diagnostic & Testing Substances,Ordinary Share,AC,137310
011070.KNT,LG Innotek Co Ltd,KNT,NEXTRADE,Electronic Equipment & Parts (NEC),Ordinary Share,AC,011070
053690.KNT,HanmiGlobal Co Ltd,KNT,NEXTRADE,Civil Engineers & Architects,Ordinary Share,AC,053690
053610.KNT,Protec Co Ltd,KNT,NEXTRADE,Semiconductor Machinery Manufacturing,Ordinary Share,AC,053610
160190.KNT,Higen RNM Co Ltd,KNT,NEXTRADE,Heavy Motors & Generators,Ordinary Share,AC,160190
064960.KNT,SNT Motiv Co Ltd,KNT,NEXTRADE,Engine & Powertrain Systems,Ordinary Share,AC,064960
003160.KNT,DI Corp,KNT,NEXTRADE,Semiconductor Testing Equipment & Service,Ordinary Share,AC,003160
006400.KNT,Samsung SDI Co Ltd,KNT,NEXTRADE,Batteries & Uninterruptable Power Supplies,Ordinary Share,AC,006400
014680.KNT,Hansol Chemical Co Ltd,KNT,NEXTRADE,Specialty Chemicals (NEC),Ordinary Share,AC,014680
005950.KNT,Isu Chemical Co Ltd,KNT,NEXTRADE,Plastics,Ordinary Share,AC,005950
084850.KNT,ITM Semiconductor Co Ltd,KNT,NEXTRADE,Semiconductors (NEC),Ordinary Share,AC,084850
424960.KNT,Smart Radar System Inc,KNT,NEXTRADE,Electronic Equipment & Parts (NEC),Ordinary Share,AC,424960
347700.KNT,Sphere Corp,KNT,NEXTRADE,Mobile Application Software,Ordinary Share,AC,347700
029530.KNT,Sindoh Co Ltd,KNT,NEXTRADE,Commercial Document Management,Ordinary Share,AC,029530
298000.KNT,Hyosung Chemical Corp,KNT,NEXTRADE,Commodity Chemicals (NEC),Ordinary Share,AC,298000
039130.KNT,HanaTour Service Inc,KNT,NEXTRADE,Travel Agents,Ordinary Share,AC,039130
448280.KNT,EcoEye Co Ltd,KNT,NEXTRADE,Environmental Consultancy Services,Ordinary Share,AC,448280
108380.KNT,Daeyang Electric Co Ltd,KNT,NEXTRADE,Lighting Equipment,Ordinary Share,AC,108380
482630.KNT,Samyang NC Chem Corp,KNT,NEXTRADE,Specialty Chemicals (NEC),Ordinary Share,AC,482630
418550.KNT,Jeio Co Ltd,KNT,NEXTRADE,Industrial Plant Construction,Ordinary Share,AC,418550
476040.KNT,OrganoidSciences Ltd,KNT,NEXTRADE,Biotechnology & Medical Research (NEC),Ordinary Share,AC,476040
047050.KNT,Posco International Corp,KNT,NEXTRADE,Diversified Industrial Goods Wholesale,Ordinary Share,AC,047050
139480.KNT,E-Mart Inc,KNT,NEXTRADE,Supermarkets & Convenience Stores,Ordinary Share,AC,139480
317690.KNT,QuantaMatrix Inc,KNT,NEXTRADE,Laboratory Diagnostic & Testing Substances,Ordinary Share,AC,317690
475150.KNT,SK Eternix Co Ltd,KNT,NEXTRADE,Electric Utilities (NEC),Ordinary Share,AC,475150
032300.KNT,Korea Pharma Co Ltd,KNT,NEXTRADE,Pharmaceuticals (NEC),Ordinary Share,AC,032300
082640.KNT,Tongyang Life Insurance Co Ltd,KNT,NEXTRADE,Life Insurance,Ordinary Share,AC,082640
232140.KNT,YC Corp,KNT,NEXTRADE,Semiconductor Testing Equipment & Service,Ordinary Share,AC,232140
033640.KNT,Nepes Corp,KNT,NEXTRADE,Integrated Circuits,Ordinary Share,AC,033640
002900.KNT,TYM Corp,KNT,NEXTRADE,Agricultural Machinery,Ordinary Share,AC,002900
035150.KNT,Baiksan Co Ltd,KNT,NEXTRADE,Leather Goods,Ordinary Share,AC,035150
000150.KNT,Doosan Corp,KNT,NEXTRADE,Consumer Goods Conglomerates,Ordinary Share,AC,000150
204320.KNT,HL Mando Corp,KNT,NEXTRADE,"Auto, Truck & Motorcycle Parts (NEC)",Ordinary Share,AC,204320
000370.KNT,Hanwha General Insurance Co Ltd,KNT,NEXTRADE,Property & Casualty Insurance (NEC),Ordinary Share,AC,000370
240810.KNT,Wonik IPS Co Ltd,KNT,NEXTRADE,Semiconductor Machinery Manufacturing,Ordinary Share,AC,240810
463480.KNT,MotiveLink Co Ltd,KNT,NEXTRADE,"Auto, Truck & Motorcycle Parts (NEC)",Ordinary Share,AC,463480
494120.KNT,Curiosis Inc,KNT,NEXTRADE,Advanced Medical Equipment & Technology (NEC),Ordinary Share,AC,494120
014620.KNT,Sung Kwang Bend Co Ltd,KNT,NEXTRADE,Plumbing Fixtures & Fittings,Ordinary Share,AC,014620
450950.KNT,Asterasys Co Ltd,KNT,NEXTRADE,Medical Diagnostic & Testing Equipment,Ordinary Share,AC,450950
128940.KNT,Hanmi Pharm Co Ltd,KNT,NEXTRADE,Generic Pharmaceuticals,Ordinary Share,AC,128940
000120.KNT,CJ Logistics Corp,KNT,NEXTRADE,Integrated Logistics Operators,Ordinary Share,AC,000120
161000.KNT,Aekyung Chemical Co Ltd,KNT,NEXTRADE,Commodity Chemicals (NEC),Ordinary Share,AC,161000
099190.KNT,I Sens Inc,KNT,NEXTRADE,Medical Equipment,Ordinary Share,AC,099190
321820.KNT,Artist Company Inc,KNT,NEXTRADE,Advertising & Marketing (NEC),Ordinary Share,AC,321820
004020.KNT,Hyundai Steel Co,KNT,NEXTRADE,Iron & Steel (NEC),Ordinary Share,AC,004020
086900.KNT,Medy Tox Inc,KNT,NEXTRADE,Biopharmaceuticals,Ordinary Share,AC,086900
099430.KNT,Bio Plus Co Ltd,KNT,NEXTRADE,Biopharmaceuticals,Ordinary Share,AC,099430
015750.KNT,Sungwoo Hitech Co Ltd,KNT,NEXTRADE,"Auto, Truck & Motorcycle Parts (NEC)",Ordinary Share,AC,015750
064820.KNT,Cape Industries Ltd,KNT,NEXTRADE,Ship Parts Manufacturers,Ordinary Share,AC,064820
012700.KNT,Leadcorp Inc,KNT,NEXTRADE,Petroleum Product Wholesale,Ordinary Share,AC,012700
140670.KNT,RS Automation Co Ltd,KNT,NEXTRADE,Electronic Equipment & Parts (NEC),Ordinary Share,AC,140670
054450.KNT,TeleChips Inc,KNT,NEXTRADE,Integrated Circuits,Ordinary Share,AC,054450
018670.KNT,SK Gas Ltd,KNT,NEXTRADE,Petroleum Product Wholesale,Ordinary Share,AC,018670
166090.KNT,Hana Materials Inc,KNT,NEXTRADE,Semiconductors (NEC),Ordinary Share,AC,166090
009900.KNT,Myoung Shin Industrial Co Ltd,KNT,NEXTRADE,"Auto, Truck & Motorcycle Parts (NEC)",Ordinary Share,AC,009900
000440.KNT,Joong Ang Enervis Co Ltd,KNT,NEXTRADE,Gasoline Stations,Ordinary Share,AC,000440
061090.KNT,Sena Technologies Inc,KNT,NEXTRADE,Communications & Networking (NEC),Ordinary Share,AC,061090
136490.KNT,Sunjin Co Ltd,KNT,NEXTRADE,Fishing & Farming (NEC),Ordinary Share,AC,136490
010120.KNT,LS Electric Co Ltd,KNT,NEXTRADE,Heavy Electrical Equipment (NEC),Ordinary Share,AC,010120
005180.KNT,Binggrae Co Ltd,KNT,NEXTRADE,Frozen Food Manufacturing,Ordinary Share,AC,005180
001440.KNT,Taihan Cable & Solution Co Ltd,KNT,NEXTRADE,Wires & Cables,Ordinary Share,AC,001440
068760.KNT,Celltrion Pharm Inc,KNT,NEXTRADE,Generic Pharmaceuticals,Ordinary Share,AC,068760
009150.KNT,Samsung Electro-Mechanics Co Ltd,KNT,NEXTRADE,Electronic Components,Ordinary Share,AC,009150
100090.KNT,SK Oceanplant Co Ltd,KNT,NEXTRADE,Shipbuilding (NEC),Ordinary Share,AC,100090
079900.KNT,Junjin Construction & Robot Co Ltd,KNT,NEXTRADE,Construction Machinery,Ordinary Share,AC,079900
114090.KNT,Grand Korea Leisure Co Ltd,KNT,NEXTRADE,Casinos,Ordinary Share,AC,114090
267850.KNT,Asiana IDT Inc,KNT,NEXTRADE,IT Services & Consulting (NEC),Ordinary Share,AC,267850
126560.KNT,Hyundai Futurenet Co Ltd,KNT,NEXTRADE,Advertising & Marketing (NEC),Ordinary Share,AC,126560
009420.KNT,Hanall Biopharma Co Ltd,KNT,NEXTRADE,Pharmaceuticals (NEC),Ordinary Share,AC,009420
204620.KNT,Global Tax Free Co Ltd,KNT,NEXTRADE,Cosmetics & Perfumes,Ordinary Share,AC,204620
079160.KNT,CJ CGV Co Ltd,KNT,NEXTRADE,Movie Theaters & Movie Products,Ordinary Share,AC,079160
163280.KNT,Airrane Co Ltd,KNT,NEXTRADE,Purification & Treatment Equipment,Ordinary Share,AC,163280
209640.KNT,YJ Link Co Ltd,KNT,NEXTRADE,Semiconductor Equipment & Testing (NEC),Ordinary Share,AC,209640
063160.KNT,CKD Bio Corp,KNT,NEXTRADE,Pharmaceuticals (NEC),Ordinary Share,AC,063160
001060.KNT,JW Pharmaceutical Corp,KNT,NEXTRADE,Pharmaceuticals (NEC),Ordinary Share,AC,001060
466100.KNT,Clobot Co Ltd,KNT,NEXTRADE,Software (NEC),Ordinary Share,AC,466100
462870.KNT,Shift Up Corp,KNT,NEXTRADE,Internet Gaming,Ordinary Share,AC,462870
047040.KNT,Daewoo Engineering & Construction Co Ltd,KNT,NEXTRADE,Construction & Engineering (NEC),Ordinary Share,AC,047040
309710.KNT,IT Chem Co Ltd,KNT,NEXTRADE,Commodity Chemicals (NEC),Ordinary Share,AC,309710
067080.KNT,Dae Hwa Pharm Co Ltd,KNT,NEXTRADE,Proprietary & Advanced Pharmaceuticals,Ordinary Share,AC,067080
412540.KNT,Jeil M&S Co Ltd,KNT,NEXTRADE,Industrial Machinery & Equipment (NEC),Ordinary Share,AC,412540
034730.KNT,SK Inc,KNT,NEXTRADE,IT Services & Consulting (NEC),Ordinary Share,AC,034730
388870.KNT,Pharos IBio Co Ltd,KNT,NEXTRADE,Bio Therapeutic Drugs,Ordinary Share,AC,388870
006660.KNT,Samsung Climate Control Co Ltd,KNT,NEXTRADE,Automotive Systems,Ordinary Share,AC,006660
486990.KNT,Nota Inc,KNT,NEXTRADE,Software (NEC),Ordinary Share,AC,486990
139130.KNT,iM Financial Group Co Ltd,KNT,NEXTRADE,Banks (NEC),Ordinary Share,AC,139130
