code,mktcap,sector
084690,348846968040.0,Consumer Non-Cyclicals
448280,327169005683.582,Industrials
001430,1918623366500.0,Basic Materials
117730,415650709731.997,Industrials
181710,1667134775100.0,Technology
084850,289527116295.739,Technology
452430,349302679357.598,Technology
101930,465337252800.0,Industrials
437730,1632289623100.93,Consumer Cyclicals
199800,436000070034.52,Healthcare
002960,639600000000.0,Energy
036560,202303848062.808,Industrials
101730,348677963241.264,Technology
352480,278741825566.67,Consumer Non-Cyclicals
304100,238522821909.825,Technology
093370,1230218635100.0,Basic Materials
001060,666195008150.0,Healthcare
042700,26878040400000.0,Technology
253450,800951746219.327,Consumer Cyclicals
236200,299663429769.665,Technology
100840,788971871450.0,Industrials
377450,174936198608.27,Financials
005930,2015750487343499.8,Technology
002380,4726092800000.0,Basic Materials
030610,1299177755400.0,Financials
033240,856658154300.0,Technology
094170,826810085204.963,Technology
082920,2402567793563.76,Industrials
015760,24972402595300.0,Utilities
064760,2984546789229.53,Technology
127120,1445699799034.08,Healthcare
032500,1417543104529.47,Technology
006110,1100987524000.0,Basic Materials
016610,466910279000.0,Financials
200130,311749834611.047,Consumer Non-Cyclicals
096770,20235485927200.0,Energy
053610,709933503790.158,Technology
226330,52787445680.7845,Technology
082270,669861529366.726,Technology
107640,478629148800.0,Consumer Cyclicals
069080,327875745050.764,Technology
051500,273280314073.256,Consumer Non-Cyclicals
001720,2827680000000.0,Financials
004000,1359660000000.0,Basic Materials
025950,115257659006.136,Industrials
000670,951832311100.0,Technology
009970,2585103885500.0,Consumer Cyclicals
029530,407089045100.0,Technology
036540,1378471568711.89,Technology
014940,276390944206.52,Industrials
018250,373964679600.0,Consumer Non-Cyclicals
372170,217034233852.485,Industrials
000440,103134304992.011,Energy
079160,755055675600.0,Consumer Cyclicals
336370,863057328400.0,Technology
067310,2708444110988.55,Technology
066970,6808658462100.0,Basic Materials
087010,7070645896644.01,Healthcare
034120,246916977780.0,Consumer Cyclicals
475400,310296273456.193,Industrials
081180,84465245297.3469,Technology
241710,768215145710.504,Consumer Non-Cyclicals
486990,827933231842.638,Technology
338840,261470758112.687,Healthcare
440110,5657560841110.51,Technology
005380,164547123160000.0,Consumer Cyclicals
484590,352059939389.19,Industrials
489790,3387770969000.0,Technology
329180,73053012600000.0,Industrials
045660,76556359897.8596,Technology
000100,6854601389000.0,Healthcare
091700,352095586170.938,Technology
026960,2447635000000.0,Consumer Non-Cyclicals
006220,376095642150.0,Financials
018260,23135962200000.0,Technology
178920,734158050000.0,Basic Materials
011210,2474752553000.0,Consumer Cyclicals
082740,5357306516400.0,Industrials
377300,6296179601250.0,Technology
083420,117480000000.0,Basic Materials
084110,396006451879.593,Healthcare
064400,11025620882400.0,Technology
175330,4499260657600.0,Financials
389020,276167614036.141,Technology
119850,376163242965.272,Industrials
009450,1021258299200.0,Industrials
005610,364575630250.0,Consumer Non-Cyclicals
058970,330669819924.841,Technology
163280,65025964982.9743,Industrials
453450,145391568337.528,Energy
256840,211187159850.689,Healthcare
139480,2376000015900.0,Consumer Non-Cyclicals
017960,1666566673500.0,Basic Materials
494120,250197067476.182,Healthcare
241520,377845409296.916,Financials
381970,443293299840.0,Consumer Cyclicals
124500,1025075181254.73,Technology
166090,1275171473785.91,Technology
003540,2223462848040.0,Financials
010780,869384908800.0,Industrials
462350,431803198099.48,Industrials
041510,1838258105497.65,Consumer Cyclicals
004690,451896414200.0,Utilities
031430,489804000000.0,Consumer Cyclicals
065660,274187179222.182,Healthcare
035600,277590689294.376,Technology
036570,6236994369000.0,Technology
004980,230666051350.0,Basic Materials
003570,1436516510400.0,Consumer Cyclicals
237880,210092175852.997,Consumer Non-Cyclicals
050890,979323946320.78,Technology
417200,1455111090353.36,Industrials
036530,828237408800.0,Consumer Cyclicals
005500,271062000000.0,Healthcare
299030,157139095623.718,Industrials
267850,110556000000.0,Technology
271940,513105374700.0,Consumer Cyclicals
056190,965884219036.538,Industrials
007690,307459622400.0,Basic Materials
021240,6369068340000.0,Consumer Cyclicals
001680,688117022140.0,Consumer Non-Cyclicals
290650,2059485726455.63,Healthcare
006650,833950000000.0,Basic Materials
102710,632613909665.034,Basic Materials
007310,1338615220000.0,Consumer Non-Cyclicals
000810,26504981457000.0,Financials
007810,2942208472210.0,Technology
420770,1805663209912.37,Technology
468530,440239605034.099,Healthcare
003120,261212000000.0,Healthcare
194370,322666348960.0,Consumer Cyclicals
004370,2341817170000.0,Consumer Non-Cyclicals
047040,10765780115600.0,Industrials
307950,25531727242000.0,Technology
407400,41723308041.7852,Consumer Cyclicals
030960,88542721226.2196,Industrials
014830,482529880000.0,Basic Materials
001530,511675838700.0,Consumer Cyclicals
112610,2003141642500.0,Energy
005710,218416963086.993,Consumer Cyclicals
101970,161663351182.729,Industrials
347850,4174647063430.63,Healthcare
281820,1239396178600.0,Technology
126720,377864700000.0,Industrials
053580,93573110483.0217,Technology
321820,64634989914.1577,Consumer Cyclicals
456040,1087728142500.0,Basic Materials
079940,427919192942.803,Technology
007390,1973373058349.72,Healthcare
304360,378056342660.233,Healthcare
075580,848762378080.0,Industrials
079900,878471209000.0,Industrials
138610,242786994231.369,Healthcare
051360,276226245194.635,Technology
015750,595590588109.467,Consumer Cyclicals
118990,185891388241.91,Consumer Cyclicals
263750,2825246083449.39,Technology
204320,2916037152000.0,Consumer Cyclicals
351870,32999752589.2554,Consumer Cyclicals
376300,589497377945.568,Technology
085620,1987146000000.0,Financials
014620,824041498877.932,Consumer Cyclicals
047050,11223873874400.0,Industrials
018880,5777858167760.0,Consumer Cyclicals
272210,19836535845000.0,Industrials
030200,13306744968000.0,Technology
046890,757138093648.672,Technology
003960,256146852650.0,Consumer Non-Cyclicals
095340,4324282085052.64,Technology
004990,2557187376450.0,Consumer Cyclicals
117580,207900000000.0,Utilities
017390,277200000000.0,Utilities
008930,2171431712500.0,Healthcare
372320,483945271550.73,Healthcare
053030,292720313518.937,Healthcare
476080,40237387882.0907,Consumer Cyclicals
005830,9373099941900.0,Financials
009420,3265039875000.0,Healthcare
024060,188590253880.399,Energy
005810,562274388000.0,Basic Materials
240550,145095122692.849,Healthcare
435570,56323864754.5487,Consumer Non-Cyclicals
194700,278982654776.865,Consumer Non-Cyclicals
086900,708800260521.913,Healthcare
361390,205982467190.13,Technology
161890,2018234083500.0,Consumer Non-Cyclicals
285130,794673534100.0,Basic Materials
294570,242475293025.4,Technology
179900,435631903274.508,Technology
064960,793554132800.0,Consumer Cyclicals
376900,876343888813.853,Healthcare
402030,213494918487.778,Technology
214150,2940976094047.63,Healthcare
078520,320494463520.0,Consumer Non-Cyclicals
008830,151296792300.517,Industrials
200670,310550904652.178,Healthcare
180640,7366307838300.0,Industrials
424870,565493169632.175,Healthcare
176750,201189057222.589,Healthcare
214430,594807789456.731,Technology
310210,5320645934515.12,Healthcare
319660,2874410976565.6,Technology
001270,716680148600.0,Financials
000520,160953237620.0,Healthcare
396270,154890565685.082,Technology
451250,74070087166.5508,Consumer Non-Cyclicals
267250,21920581087500.0,Energy
052400,812798124920.604,Technology
489460,94119744350.8783,Healthcare
454910,6903327870000.0,Industrials
300720,1064199174230.0,Basic Materials
036620,435364939590.611,Consumer Cyclicals
071050,14203877815400.0,Financials
348340,663796034857.717,Industrials
340570,459367173272.37,Healthcare
065350,1229349840034.36,Consumer Cyclicals
000370,737789942800.0,Financials
125020,261210870174.935,Industrials
002900,291456000000.0,Industrials
053800,683757404229.963,Technology
417010,267241429588.623,Basic Materials
080220,3393525535360.01,Technology
222800,4457349037106.31,Technology
086710,99826537114.2823,Basic Materials
131970,3062752606030.94,Technology
168360,435407405083.689,Technology
003030,634501852400.0,Basic Materials
025770,313849981078.066,Industrials
018290,468529782179.04,Consumer Non-Cyclicals
347700,1993915974431.09,Technology
108320,855502180000.0,Technology
004700,421555349200.0,Consumer Cyclicals
022100,4933526956050.0,Technology
004490,776160000000.0,Consumer Cyclicals
357780,2997397779448.62,Basic Materials
403550,434498363460.0,Industrials
289220,41966284608.9143,Consumer Cyclicals
130660,455096000000.0,Industrials
047920,389576294540.924,Healthcare
064350,21883029746500.0,Industrials
007070,2136169453250.0,Consumer Non-Cyclicals
089890,654123343493.701,Technology
020150,2937702474300.0,Technology
461300,222148732176.402,Academic & Educational Services
086280,18187500000000.0,Industrials
220100,341169079906.001,Healthcare
097520,381092850000.0,Technology
377480,95340594189.2087,Technology
014710,120529801000.0,Consumer Non-Cyclicals
499790,862641583500.0,Consumer Cyclicals
005090,719746183350.0,Utilities
064820,342294299978.672,Industrials
419530,244010916217.025,Consumer Cyclicals
009830,7253450728400.0,Energy
071320,827880196000.0,Utilities
033780,19173791223200.0,Consumer Non-Cyclicals
100090,1062752974290.0,Industrials
448900,624808033632.316,Industrials
115180,1039143270310.43,Healthcare
048410,1124861749213.49,Consumer Non-Cyclicals
000660,1662734617545000.2,Technology
112040,668279797882.955,Technology
267270,7260167395500.0,Industrials
322510,113386643713.469,Healthcare
464080,228535370994.259,Technology
308430,279523494088.28,Healthcare
300080,182076927242.417,Technology
309710,270436631852.625,Basic Materials
033160,520181019000.0,Technology
293490,859310337798.904,Technology
451760,280968310276.794,Technology
252990,785613062616.131,Technology
298380,6311524548495.15,Healthcare
084010,315187535320.0,Basic Materials
402340,162704689938000.0,Technology
200710,537054548010.901,Technology
397030,1504895924464.56,Healthcare
064550,231937598531.835,Healthcare
009240,724844982400.0,Consumer Cyclicals
012330,69682623744000.0,Consumer Cyclicals
003300,503192666880.0,Basic Materials
348370,774787449870.311,Basic Materials
370090,87927854538.1222,Technology
189300,1429160850700.0,Technology
007700,691150864890.0,Consumer Cyclicals
031210,3047712752700.0,Financials
376270,359205757592.739,Healthcare
416180,297796040154.851,Technology
018670,2193966828000.0,Energy
008060,690482545700.0,Technology
000250,8011139708102.19,Healthcare
017370,86625475420.0,Consumer Cyclicals
028260,70473556892500.0,Industrials
056080,776599678598.861,Technology
014680,3069952650000.0,Basic Materials
389650,347309264154.515,Healthcare
004170,4864268215000.0,Consumer Cyclicals
137310,939428013560.0,Healthcare
019170,559190011320.0,Healthcare
315640,83740738421.2425,Technology
058430,356400000000.0,Basic Materials
383310,674069451159.355,Industrials
402490,236806507504.643,Basic Materials
003850,773800607140.0,Healthcare
209640,193417071825.623,Technology
450950,324484227656.464,Healthcare
322000,1957760000000.0,Energy
036800,271501460581.024,Technology
443670,101943804916.747,Technology
456160,970091234205.699,Healthcare
241560,6201887405500.0,Industrials
475150,1366086860400.0,Utilities
475580,124495602485.909,Industrials
445090,329103265060.414,Technology
004090,160580618000.0,Basic Materials
047810,16405060508100.0,Industrials
399720,697715811128.264,Technology
393890,544829829929.238,Industrials
073010,162363829837.047,Industrials
204270,1232581427423.05,Technology
144510,310076530268.413,Healthcare
108380,199996498440.907,Industrials
089590,391915187100.0,Industrials
484120,191523146343.101,Technology
199430,199275788998.812,Industrials
098070,407815878678.001,Industrials
003620,689086575360.0,Consumer Cyclicals
014820,640388973760.0,Basic Materials
115500,199470460835.038,Technology
323990,134488586288.939,Healthcare
278280,604353678053.249,Basic Materials
328130,1255911334819.76,Healthcare
032350,1520388153400.0,Consumer Cyclicals
240810,5241533158168.92,Technology
000320,252041387950.0,Basic Materials
226320,232012152700.0,Consumer Non-Cyclicals
016590,392903745000.0,Basic Materials
035250,3215525715000.0,Consumer Cyclicals
026890,305901903930.0,Financials
298050,943029054000.0,Consumer Cyclicals
101490,1414260717202.66,Technology
094280,141934696000.0,Industrials
183190,363604022880.0,Basic Materials
365340,794041548367.191,Industrials
229640,2116179138900.0,Industrials
104830,542359780039.84,Basic Materials
484870,684711720000.0,Industrials
059090,690131475753.961,Technology
000120,1950455412000.0,Industrials
001750,307718238800.0,Financials
017940,589274000000.0,Energy
041190,513240000000.0,Financials
111770,3522761706000.0,Consumer Cyclicals
001820,1549894500000.0,Technology
012510,3494865960000.0,Technology
217590,549348330000.0,Industrials
317330,373172365003.764,Basic Materials
285490,175157894551.416,Technology
094820,213581130729.12,Industrials
459100,81260980526.1501,Industrials
084370,2862692468806.21,Technology
045390,227899575391.921,Technology
001800,1569267821100.0,Consumer Non-Cyclicals
458650,181888892634.661,Industrials
161000,625135910650.0,Basic Materials
007660,9484471094800.0,Technology
039200,1620703841878.01,Healthcare
059210,105113224837.894,Healthcare
112290,284993974095.99,Basic Materials
001940,310462722000.0,Basic Materials
263860,145803662724.208,Technology
488900,384453880080.655,Industrials
319400,4460076442202.62,Industrials
023160,820869426725.003,Industrials
472850,249106615094.761,Consumer Cyclicals
000390,192328525830.0,Basic Materials
003200,241080000000.0,Consumer Cyclicals
000500,5326883030000.0,Industrials
085660,1261602817620.84,Healthcare
373220,107172000000000.0,Industrials
389260,281750850514.541,Industrials
060250,725427477847.017,Technology
061090,270517280000.0,Technology
092790,382489420000.0,Basic Materials
114840,183035052924.899,Consumer Cyclicals
002840,572375000000.0,Basic Materials
017860,319309319220.0,Energy
086390,326818078974.163,Technology
083450,998897696533.376,Technology
011070,34506642006000.0,Technology
123690,114725520000.0,Consumer Cyclicals
041020,205716897688.9,Technology
356860,1352928613620.34,Technology
452200,85444683038.5433,Industrials
041440,156735152365.712,Industrials
092460,354215135109.534,Industrials
086980,168169989314.229,Consumer Cyclicals
394280,429452704517.965,Technology
214260,63550294905.0635,Consumer Non-Cyclicals
011790,6909042911400.0,Basic Materials
071970,2411818294500.0,Industrials
183300,1862810206226.69,Technology
214180,218600714570.316,Technology
287840,410875112406.088,Healthcare
012630,1320292034100.0,Industrials
213420,971855651527.042,Basic Materials
009780,112589993449.11,Consumer Non-Cyclicals
243070,354817804884.149,Healthcare
045100,539476928167.489,Industrials
016360,10698140000000.0,Financials
007340,2612510122250.0,Consumer Cyclicals
041830,622688790951.398,Healthcare
090430,7127379402900.0,Consumer Non-Cyclicals
314930,299851481906.643,Healthcare
100790,2622439222514.97,Financials
078600,2402622054163.27,Basic Materials
086450,896289649622.539,Healthcare
336260,6154899511400.0,Energy
003690,2270865248350.0,Financials
003920,348300000000.0,Consumer Non-Cyclicals
362320,87044697712.7492,Consumer Cyclicals
003490,9893695357700.0,Industrials
002350,667775451890.0,Consumer Cyclicals
039440,448357460524.005,Technology
121600,824625552013.992,Basic Materials
358570,937552232741.967,Healthcare
108490,4806293758561.79,Technology
441270,381313065079.905,Technology
460860,543207786150.0,Basic Materials
126340,1072290406565.92,Technology
241770,372740609619.701,Basic Materials
000720,16431946219200.0,Industrials
007160,220750000000.0,Consumer Non-Cyclicals
225570,699321508000.626,Technology
218410,2410232933615.81,Technology
103140,2247547095600.0,Basic Materials
006040,1566999074500.0,Consumer Non-Cyclicals
361610,1579308901000.0,Industrials
119610,234569644588.224,Healthcare
489500,205716560070.034,Basic Materials
067160,583638737991.625,Technology
488280,223660422237.234,Technology
072710,423894006000.0,Consumer Non-Cyclicals
069960,2367827337600.0,Consumer Cyclicals
171090,811159012474.564,Technology
268280,502000000000.0,Basic Materials
008490,230919495480.0,Basic Materials
101360,251750763648.614,Basic Materials
010130,28658586437000.0,Basic Materials
017810,386542295880.0,Consumer Non-Cyclicals
382900,288170995433.428,Industrials
047310,169660177718.666,Technology
196170,19920208810893.2,Healthcare
060720,285285278762.289,Technology
337930,89840092592.6742,Consumer Cyclicals
452190,139528605143.426,Industrials
078930,6832271664700.0,Utilities
009470,252317233000.0,Technology
002710,399496742280.0,Basic Materials
065710,211680470861.91,Industrials
458870,1217370987862.17,Healthcare
388050,188106871733.0,Industrials
170900,389112760000.0,Healthcare
475430,90083107782.5231,Utilities
013030,422650034642.993,Industrials
062040,7562114950000.0,Industrials
306200,403321860000.0,Basic Materials
211270,231865228351.712,Technology
064260,469436618555.863,Industrials
082800,139774832064.588,Healthcare
060370,1726159351579.17,Industrials
102940,654775326446.313,Healthcare
002310,307706178000.0,Basic Materials
047560,136874643499.213,Technology
278470,14806790302500.0,Consumer Non-Cyclicals
003380,1272806307076.7,Consumer Non-Cyclicals
474170,199245226044.134,Industrials
147830,175695193786.013,Consumer Cyclicals
122640,573963496427.991,Technology
025860,347751901000.0,Basic Materials
460930,563804441236.157,Industrials
295310,1330404054367.21,Basic Materials
006800,36726192364500.0,Financials
032640,6846019317160.0,Technology
094360,331006747000.0,Technology
103590,4429972731000.0,Industrials
476830,1770106386319.51,Healthcare
079370,376530445114.343,Technology
095500,261481285256.926,Technology
199820,264143216914.665,Industrials
086820,207104733387.354,Healthcare
089980,329404115325.17,Technology
380550,176639579680.0,Healthcare
093520,266782546836.417,Technology
006730,697915175214.927,Consumer Cyclicals
378340,356418704955.345,Industrials
200880,366235321350.0,Consumer Cyclicals
052690,5132946000000.0,Industrials
389470,682392815927.183,Healthcare
063080,105775212735.182,Technology
089010,603136176749.723,Technology
297090,140934040735.17,Industrials
033500,619350367989.833,Basic Materials
011390,54278400000.0,Basic Materials
425420,578407836413.578,Technology
039130,587068422800.0,Consumer Cyclicals
290690,249015288954.665,Industrials
078350,484532137018.803,Technology
192650,341077414055.0,Technology
039560,166778951308.937,Technology
069620,1513206695000.0,Healthcare
011500,291161722040.0,Basic Materials
053080,164621131756.166,Industrials
078160,486587747474.249,Healthcare
001120,1625982000000.0,Industrials
006400,55921741856000.0,Industrials
293780,169529235385.022,Healthcare
284740,509327391000.0,Consumer Cyclicals
243840,278515713357.595,Industrials
000150,35045686408000.0,Consumer Non-Cyclicals
004560,221658521700.0,Basic Materials
226950,3581030806842.74,Healthcare
272290,608592962002.128,Technology
452280,541967665944.321,Industrials
443250,75064980110.7608,Consumer Cyclicals
462870,1671648690000.0,Technology
058610,2605084395812.67,Industrials
068270,42847399578900.0,Healthcare
005440,2140566052730.0,Consumer Cyclicals
393970,50803077772.7543,Basic Materials
115450,234737288850.0,Healthcare
004800,3319622708100.0,Consumer Non-Cyclicals
348210,711394410333.915,Technology
102460,190514812750.0,Healthcare
120110,2222227850600.0,Consumer Cyclicals
029460,351555066500.0,Industrials
003350,198048400000.0,Consumer Non-Cyclicals
005690,900060210000.0,Healthcare
004020,5357848267750.0,Basic Materials
032190,775547196286.047,Financials
336570,723772301873.503,Healthcare
042660,37780771480200.0,Industrials
160190,924186539140.898,Industrials
478340,302681358806.902,Industrials
104700,316750500000.0,Basic Materials
079550,17622000000000.0,Industrials
010950,12300129872100.0,Energy
459510,287644870937.018,Industrials
000050,233029795000.0,Consumer Cyclicals
214370,4783670368948.78,Healthcare
200350,41590178665.6523,Consumer Cyclicals
060280,479258386465.717,Consumer Non-Cyclicals
145990,455244107450.0,Consumer Non-Cyclicals
033640,788673871707.517,Technology
272450,319986000000.0,Industrials
000210,1178118343950.0,Basic Materials
475830,1469435855328.38,Healthcare
270660,180266110069.605,Consumer Cyclicals
195940,1284312821176.45,Healthcare
019210,596896300630.432,Industrials
356680,718886805944.598,Technology
108860,300701740965.52,Technology
006280,1652476473200.0,Healthcare
383800,669276480650.0,Financials
099190,517709574932.736,Healthcare
095610,2322900006577.63,Technology
005070,1733800606200.0,Basic Materials
105840,405973167000.0,Industrials
001460,313879950000.0,Consumer Cyclicals
013580,188442137700.0,Industrials
000880,10350560161900.0,Financials
036830,1026615885805.23,Basic Materials
012750,2599143775200.0,Technology
339770,201359272400.0,Consumer Non-Cyclicals
053690,227369162500.0,Industrials
077970,1621981745200.0,Industrials
005870,88507414050.0,Technology
053280,74927351134.3734,Consumer Cyclicals
222080,944994871111.096,Industrials
081660,1988289408000.0,Consumer Cyclicals
294870,1354395631500.0,Industrials
271560,5123882707200.0,Consumer Non-Cyclicals
394800,282536643067.78,Healthcare
316140,21802066704000.0,Financials
190510,248039846888.878,Technology
009520,697661185326.549,Basic Materials
206650,369960352054.372,Healthcare
432470,90399426407.2843,Industrials
097230,1855569319200.0,Industrials
005290,2808771658361.54,Basic Materials
010060,6525246084000.0,Basic Materials
044490,738716198356.113,Industrials
005250,626893045200.0,Healthcare
095660,421338787229.784,Technology
083650,2272598127553.09,Industrials
267980,264042896973.866,Consumer Non-Cyclicals
036200,337957965762.447,Technology
058470,7478161872088.6,Technology
484810,229593518922.989,Industrials
463480,75768021466.8615,Consumer Cyclicals
032830,77700000000000.0,Financials
254490,381084890175.002,Technology
388720,1006477630461.0,Industrials
000970,152763350000.0,Basic Materials
365330,132676945897.505,Basic Materials
105630,354400000000.0,Consumer Cyclicals
033100,954720158564.145,Industrials
439260,2407207736000.0,Industrials
094480,248983441138.214,Technology
069260,677766989040.0,Basic Materials
036890,317628334841.423,Industrials
009900,505812082120.0,Consumer Cyclicals
271980,173958635760.0,Healthcare
002240,549450000000.0,Basic Materials
029780,5346887819650.0,Financials
025900,455338804754.616,Basic Materials
045970,113994312640.952,Technology
028100,195620624220.0,Industrials
323280,1762821460942.57,Technology
090460,1033258639700.0,Technology
092870,383913413950.264,Technology
481070,202546544679.19,Consumer Cyclicals
063170,100812293545.742,Technology
042370,339434572928.405,Industrials
338220,126529102396.341,Healthcare
114190,291856002068.322,Industrials
145020,3080259325560.2,Healthcare
089970,1469906394560.08,Technology
002020,776380756950.0,Consumer Cyclicals
473980,154309149362.139,Consumer Cyclicals
161580,1021406812491.28,Technology
011200,18449734693200.0,Industrials
002810,385035865800.0,Basic Materials
003220,195792799590.0,Healthcare
195870,1514700000000.0,Technology
214450,3087708196817.07,Healthcare
237690,2818294804907.7,Healthcare
487570,207906726600.0,Financials
234340,371564425398.372,Industrials
010140,24596000000000.0,Industrials
030520,496930057790.334,Technology
461030,69966515600.2706,Healthcare
013890,198209349520.0,Consumer Cyclicals
096530,1599461161407.76,Healthcare
114810,391260101224.955,Technology
317690,63490682815.3179,Healthcare
253590,624032855134.007,Technology
357550,257739509923.261,Basic Materials
036460,3277111500000.0,Utilities
003090,1095394903200.0,Healthcare
281740,1208784777720.0,Basic Materials
217270,141483599197.619,Technology
251970,452838243158.331,Basic Materials
003070,246353879760.0,Industrials
000270,66057879261600.0,Consumer Cyclicals
030190,823583147460.0,Industrials
035150,212305714600.0,Consumer Cyclicals
042520,418087849121.026,Healthcare
091120,86646078230.6747,Technology
456070,115772686839.919,Healthcare
000240,2306926332000.0,Industrials
382150,72121937714.5504,Healthcare
035760,873739090200.78,Consumer Cyclicals
282720,111472792643.05,Industrials
479960,59149106716.8679,Industrials
101530,180524296400.0,Consumer Non-Cyclicals
483650,2456425505000.0,Consumer Non-Cyclicals
323410,10687497788800.0,Financials
089030,1860842000211.26,Technology
054450,224426096784.101,Technology
032820,2629499079588.32,Industrials
035720,18528921257300.0,Technology
039860,192263528136.277,Healthcare
192400,885498406500.0,Consumer Cyclicals
249420,675476680200.0,Healthcare
274090,369993739682.038,Industrials
023530,4178249113500.0,Consumer Cyclicals
028670,2934786620880.0,Industrials
016800,334650000000.0,Industrials
232140,1336525941532.88,Technology
208370,90890706980.4769,Healthcare
388210,1032915787462.13,Technology
057050,972000000000.0,Consumer Cyclicals
042000,505422894626.17,Technology
025980,490118013005.187,Consumer Cyclicals
035510,236417019000.0,Technology
136490,235893671680.0,Consumer Non-Cyclicals
122870,839811728411.132,Consumer Cyclicals
469610,164510093209.709,Industrials
403870,4033630205985.37,Technology
480370,60545344512.0,Industrials
028050,10368400000000.0,Industrials
003160,788155000000.0,Technology
466100,1128525807964.3,Technology
001740,2262699067920.0,Technology
099320,1475059747261.58,Industrials
228760,332081061164.793,Healthcare
060590,85018501100.9385,Healthcare
006360,2610235445000.0,Industrials
003530,1348600383000.0,Financials
010690,395648245300.0,Consumer Cyclicals
086520,19013045928125.7,Basic Materials
368770,572930174310.738,Technology
453340,542924934640.0,Consumer Non-Cyclicals
123330,182633814063.223,Consumer Non-Cyclicals
457550,207009057934.9,Industrials
003550,22856103798900.0,Technology
102120,204026826222.002,Technology
128940,6290196581000.0,Healthcare
131290,2227601137327.26,Technology
034020,67643257017600.0,Industrials
002320,265523519760.0,Industrials
418550,229981390483.291,Industrials
018310,313954416235.511,Basic Materials
206560,38989497584.2922,Consumer Cyclicals
424960,93998664068.5263,Technology
064290,545594828442.504,Technology
007860,207561820960.0,Consumer Cyclicals
078140,99738404284.7045,Healthcare
290670,62694842451.4017,Industrials
088350,4238426400000.0,Financials
043150,287319785666.097,Healthcare
023590,1712013189600.0,Financials
194480,197829300995.979,Technology
028300,6816721388637.79,Healthcare
474650,270672602637.37,Technology
020000,487527763800.0,Consumer Cyclicals
055550,44427648189600.0,Financials
286940,339654289150.0,Technology
289930,165450808898.809,Technology
049070,325241623524.379,Technology
020560,1509911911630.0,Industrials
031980,2315621658890.25,Technology
064090,39989506051.2279,Consumer Cyclicals
396470,117088354568.911,Industrials
432720,229544568136.478,Technology
475960,614135428078.359,Healthcare
039490,9717591078000.0,Financials
439090,234843380923.908,Consumer Non-Cyclicals
024720,315868545390.0,Consumer Non-Cyclicals
012450,60483869373000.0,Industrials
214420,138796190230.0,Consumer Non-Cyclicals
065450,113807897108.734,Industrials
298040,34360959380000.0,Industrials
140410,2005470914145.89,Healthcare
298020,1573112407000.0,Consumer Cyclicals
475560,257116999800.0,Consumer Cyclicals
074600,871298256105.028,Technology
139130,2785230269220.0,Financials
005300,1068616234000.0,Consumer Non-Cyclicals
389140,120324694240.582,Consumer Cyclicals
036810,665222466458.312,Technology
158430,157109106489.14,Technology
051900,3996309504000.0,Consumer Non-Cyclicals
381620,153430110745.47,Industrials
079430,136575431580.0,Industrials
043370,265507272490.274,Consumer Cyclicals
036930,9365263258585.01,Technology
000490,245604889800.0,Industrials
034950,462912525781.837,Industrials
009150,161097334152000.0,Technology
011780,3500652799500.0,Consumer Cyclicals
068290,65300000000.0,Consumer Cyclicals
051980,174925863587.33,Technology
067080,234811446307.584,Healthcare
137400,1108606767936.47,Industrials
455900,399260701933.422,Healthcare
375500,3110587114950.0,Industrials
025540,797062000000.0,Industrials
234690,171375707600.481,Consumer Non-Cyclicals
090360,923306451289.456,Industrials
182360,109970623901.695,Consumer Cyclicals
005850,3488283852000.0,Consumer Cyclicals
340450,143435152346.066,Healthcare
282330,2146661125200.0,Consumer Non-Cyclicals
226590,188180780434.833,Technology
001340,313913271040.0,Basic Materials
068760,2133720646309.49,Healthcare
203650,355449960825.554,Technology
029480,112143161531.518,Technology
445680,1566723862248.61,Healthcare
005940,11225825756600.0,Financials
000990,8070101074000.0,Technology
257720,2388186799024.37,Technology
282880,165286432706.695,Industrials
002030,415888104000.0,Basic Materials
066570,49369449248300.0,Technology
033790,870903923152.489,Basic Materials
326030,7024698525000.0,Healthcare
148150,140720642340.076,Technology
065680,420903454050.0,Technology
126700,206076673945.611,Industrials
334970,143030712186.994,Healthcare
352820,9482494780000.0,Consumer Cyclicals
016450,173600000000.0,Consumer Cyclicals
003670,21836297010000.0,Basic Materials
141080,5635175573994.29,Healthcare
006660,132621444480.0,Consumer Cyclicals
005860,114126917757.335,Consumer Non-Cyclicals
138040,17220034391700.0,Financials
267260,37957633155000.0,Industrials
105560,56151278523000.0,Financials
051910,27195263881000.0,Basic Materials
450080,4397888755400.0,Basic Materials
034310,444026456560.0,Technology
002790,1960398618440.0,Consumer Non-Cyclicals
001500,588650578880.0,Financials
411080,98438554754.6678,Technology
204620,326766432092.518,Consumer Non-Cyclicals
039840,201110068370.792,Healthcare
037270,246376235700.0,Consumer Cyclicals
006260,13915200000000.0,Industrials
456010,474967962622.615,Technology
034230,1306074286200.0,Consumer Cyclicals
003000,479016977705.0,Healthcare
305090,57510778099.0698,Healthcare
086790,31579727794800.0,Financials
388870,82165077972.0611,Healthcare
110990,405559714234.148,Industrials
101160,426652174558.143,Technology
097950,3208202130000.0,Consumer Non-Cyclicals
025320,462377581406.847,Technology
425040,387601606249.308,Basic Materials
482630,347521157091.64,Basic Materials
017670,21607879331800.0,Technology
010120,36225000000000.0,Industrials
089860,1134668375000.0,Industrials
247540,21386864346195.8,Industrials
002390,115751312530.0,Healthcare
039030,5684257235491.79,Technology
264850,198072184872.812,Industrials
256940,130263546424.926,Technology
298830,328518624896.891,Technology
136150,108580481841.149,Industrials
024110,16108002553800.0,Financials
476060,871443478659.929,Healthcare
082640,1154863099400.0,Financials
013990,158369896851.928,Consumer Cyclicals
140860,1943507401125.25,Technology
032620,178788267980.009,Technology
265520,377548664648.031,Technology
215200,420298308535.515,Academic & Educational Services
051600,2295000000000.0,Industrials
277810,13719840545488.9,Technology
005430,261224287500.0,Industrials
000080,1138514776720.0,Consumer Non-Cyclicals
280360,1039196404600.0,Consumer Non-Cyclicals
098460,2372346614696.84,Technology
011760,365780909900.0,Industrials
032300,103723891559.546,Healthcare
353200,9515835327300.0,Technology
443060,10042695040000.0,Industrials
068240,97270556891.7197,Industrials
302440,3208873017700.0,Healthcare
383220,2792585767500.0,Consumer Cyclicals
452450,191643239951.871,Technology
073240,1350123348900.0,Consumer Cyclicals
092730,287739931688.003,Consumer Non-Cyclicals
046210,67239668260.6468,Healthcare
085670,116996081488.137,Technology
020120,137877209520.0,Technology
001040,5522847272000.0,Consumer Non-Cyclicals
003240,1078884600000.0,Basic Materials
012320,123454200600.0,Energy
125490,539098619664.346,Basic Materials
008730,487072000000.0,Basic Materials
418470,90867618123.5212,Consumer Cyclicals
403850,177972917863.661,Consumer Cyclicals
108670,316832352100.0,Consumer Cyclicals
035900,2065450926048.31,Consumer Cyclicals
025820,175570500000.0,Basic Materials
053300,220410837011.691,Technology
248070,956324720000.0,Technology
363280,103541618340.0,Consumer Cyclicals
093320,564384542681.052,Technology
092230,356137657800.0,Basic Materials
005950,363648357270.0,Basic Materials
138930,5219700695060.0,Financials
114090,656288658700.0,Consumer Cyclicals
005420,545012755320.0,Basic Materials
012700,78640381898.1714,Energy
457190,2910077373600.0,Basic Materials
206640,241231895247.662,Healthcare
166480,195475289057.763,Healthcare
178320,4937823567200.0,Technology
211050,474458182433.537,Financials
005490,33558786684500.0,Basic Materials
033270,295144876250.0,Healthcare
054950,264299021881.226,Healthcare
017800,3080479938000.0,Industrials
241590,213880144280.0,Consumer Cyclicals
001130,196716000000.0,Consumer Non-Cyclicals
034730,49255265278000.0,Technology
039980,122133984074.12,Technology
260970,157368810944.291,Consumer Non-Cyclicals
038500,1343751439279.88,Basic Materials
161390,8274854609200.0,Consumer Cyclicals
439580,78766173823.9223,Technology
185750,1095940732000.0,Healthcare
354320,471323603151.398,Consumer Cyclicals
001440,8907863488200.0,Industrials
317450,686930000000.0,Healthcare
095700,167916055398.47,Healthcare
273640,88379518121.9,Industrials
000070,441725567900.0,Consumer Non-Cyclicals
382840,154003814598.452,Industrials
035420,36708463584000.0,Technology
145720,402735709700.0,Healthcare
145170,72053720388.5303,Consumer Cyclicals
009540,29937028068000.0,Industrials
215600,408976847252.281,Healthcare
070960,125387332465.0,Consumer Cyclicals
034220,8045000000000.0,Technology
030530,2112584784235.5,Technology
226400,105948583241.787,Healthcare
011170,3451976313300.0,Basic Materials
214320,798000000000.0,Consumer Cyclicals
123860,232421960895.213,Technology
006910,469209661871.467,Industrials
015360,412020000000.0,Utilities
048430,74971879388.7619,Consumer Cyclicals
005010,280097553875.0,Basic Materials
005180,672931650600.0,Consumer Non-Cyclicals
001450,2945327037500.0,Financials
011810,109493282310.0,Industrials
192080,1448265211200.0,Technology
004360,296170280660.0,Industrials
307750,151740346422.784,Healthcare
096250,113542977075.266,Technology
048870,158438912498.022,Healthcare
000640,607947188100.0,Healthcare
006120,906596004550.0,Energy
179290,157650222591.005,Healthcare
476040,97994070092.6269,Healthcare
007570,173698471440.0,Healthcare
207940,63094566213000.0,Healthcare
251270,3482219267500.0,Technology
322310,246282295572.506,Technology
126560,324873094000.0,Consumer Cyclicals
215000,273427356695.369,Consumer Cyclicals
255220,228480351742.097,Basic Materials
192820,1971409713300.0,Consumer Non-Cyclicals
453860,67324974271.418,Basic Materials
344820,402456902400.0,Consumer Cyclicals
099430,345267666277.309,Healthcare
016380,593052759210.0,Basic Materials
146320,187463749913.086,Technology
297890,147220832016.711,Technology
099440,240969480210.583,Industrials
001250,267822064180.0,Basic Materials
078340,323408469991.887,Technology
371950,180592047200.284,Technology
092200,329775065120.0,Consumer Cyclicals
060980,408094172650.0,Consumer Cyclicals
003720,319940000000.0,Basic Materials
003230,9077283075000.0,Consumer Non-Cyclicals
348150,76393923994.2072,Consumer Non-Cyclicals
336680,127773531718.441,Technology
377740,498222774720.0,Healthcare
259960,11880275697500.0,Technology
290550,500721797724.164,Technology
001380,36420955020.0,Consumer Cyclicals
093050,657900000000.0,Consumer Cyclicals
210980,225084148380.0,Real Estate
001630,224942758900.0,Consumer Non-Cyclicals
003580,84861370875.0,Basic Materials
030000,2123661013500.0,Consumer Cyclicals
460850,168927406400.0,Basic Materials
038290,141875668246.059,Healthcare
008770,2188135353100.0,Industrials
037710,257035696400.0,Consumer Cyclicals
091810,361348299375.0,Industrials
360070,115318951987.114,Industrials
009300,93115128198.9064,Healthcare
054210,270332581914.951,Industrials
004430,252000000000.0,Basic Materials
009680,218417594700.0,Consumer Cyclicals
052260,118775592588.136,Consumer Non-Cyclicals
125210,170514064822.849,Technology
001200,460599817590.0,Financials
259630,184697497168.812,Industrials
140670,174107737741.799,Technology
123410,192408097385.121,Consumer Cyclicals
006620,122448182106.248,Healthcare
082850,82548607078.5651,Technology
009290,341128684800.0,Healthcare
109610,111844294287.236,Consumer Cyclicals
035080,109403702679.06,Consumer Cyclicals
051370,248167551464.344,Technology
063160,92987055900.0,Healthcare
230360,499663559076.672,Consumer Cyclicals
228670,83350153629.4791,Healthcare
040300,128723231214.572,Consumer Cyclicals
